commissioner,section,role,organisation,description
Andrius Kubilius,I.2 Previous - Educational institutions,President of the Governing Board,Board European Humanities University in Vilnius for students from Belarus and the Eastern Neighbourhood Region (EHU) (2020– September 2024),
Andrius Kubilius,I.4 Previous - Other professional activities,2019-2024 Member of the European Parliament,,
Andrius Kubilius,I.4 Previous - Other professional activities,1992-2019 Member of the Seimas of the Republic of Lithuania,,
Andrius Kubilius,I.4 Previous - Other professional activities,Member of the Advisory Board of Zentrum libérale Moderne (LIBMOD)(2024),,
Andrius Kubilius,I.4 Previous - Other professional activities,Member of the Honorary Council of Wilfried Martens Centre for European Studies (2019-2024),,
Andrius Kubilius,I.4 Previous - Other professional activities,Member of the Advisory Board of Institute of European Right (2024),,
Andrius Kubilius,I.4 Previous - Other professional activities,Member of Inter-Parliamentary Alliance on China (2024),,
Andrius Kubilius,I.4 Previous - Other professional activities,Co-founder and coordinator of informal international cross-party network of parliamentarians United for Ukraine (U4U) (2022-2024),,
Andrius Kubilius,I.4 Previous - Other professional activities,Co-founder and coordinator of informal international network ‘Friends of European Russia Forum’ (2019-2024),,
Andrius Kubilius,I.4 Previous - Other professional activities,Co-founder of informal international initiatives ‘Marshall Plan for Ukraine’ (later ‘European Plan for Ukraine’ (2016-2019),,
Andrius Kubilius,I.4 Previous - Other professional activities,"Member of the International Board of Advisors of the International Republican Institute (IRI), USA (2016-2019)",,
Andrius Kubilius,I.4 Previous - Other professional activities,"Atlantic Council EuroGrowth Initiative, USA, Member of the Board of Advisors (2016-2017)",,
Andrius Kubilius,I.4 Previous - Other professional activities,"Vice-Chairman of the International Board of Advisors, Centrum Baltic Foundation, Finland (2016-2019)",,
Andrius Kubilius,I.4 Previous - Other professional activities,Member of the International Advisory Council on Reforms of the President of Ukraine (2015-2019),,
Apostolos Tzitzikostas,I.4 Previous - Other professional activities,"Regional Governor of Central Macedonia, Greece from 7/1/2013 to 29/11/2024",,
Apostolos Tzitzikostas,I.4 Previous - Other professional activities,President of the Board of the Regional Development Fund of Central Macedonia from 18/01/2013 until 29/11/2024,,
Apostolos Tzitzikostas,I.4 Previous - Other professional activities,"President of the Association of Greek Regions and its board, from 18/11/2019 till 29/11/2024",,
Apostolos Tzitzikostas,I.4 Previous - Other professional activities,"European Committee of the Regions, member from 26/01/2015 till 29/11/2024 (President from 12/2/2020 until 29/6/2022; 1st Vice-President from 29/6/2022 till 29/11/2024",,
Apostolos Tzitzikostas,I.4 Previous - Other professional activities,"Member of the Congress of Local and Regional Authorities of the Council of Europe, from 12/9/2024 till 29/11/2024",,
Christophe Hansen,I.1 Previous - Foundations/similar bodies,Co-Founder and Secretary-General (2017-2024),Business Club Belgium-Luxembourg,Promotion of cultural and economic ties between Belgium and Luxembourg
Christophe Hansen,I.1 Previous - Foundations/similar bodies,President (2015-2024),Union des Sociétés Avicoles du Grand-Duché du Luxembourg (USAL/non-profit),Small animals breeding association
Christophe Hansen,I.1 Previous - Foundations/similar bodies,Vice-Chair (2016-2024),COOPERATIONS a.s.b.l.,A non-profit organisation to promote the cultural and professional capacities of disabled people and foster social inclusion for everyone
Christophe Hansen,I.4 Previous - Other professional activities,Member of the European Parliament (2019-2023; 7-11/2024),,
Christophe Hansen,I.4 Previous - Other professional activities,"Member of the Luxembourgish Parliament, Chairman of the Committee on Environment, Climate and Biodiversity (10/2023-07/2024)",,
Christophe Hansen,I.4 Previous - Other professional activities,"Secretary-General, Christian Social People’s Party (CSV) (2021-2024)",,
Christophe Hansen,I.4 Previous - Other professional activities,Counsellor – Municipal Council Winseler (2011-2022),,
Christophe Hansen,I.4 Previous - Other professional activities,"President, Christian Social People’s Party - Committee of the North District (2018-2021)",,
Christophe Hansen,I.4 Previous - Other professional activities,Member of the European Economic and Social Committee (2017-2018),,
Christophe Hansen,I.4 Previous - Other professional activities,"European Affairs Office, Luxembourg Chamber of Commerce (2016-2018)",,
Christophe Hansen,I.4 Previous - Other professional activities,"Economic and Commercial attaché, Embassy of Luxembourg in Brussels (2016-2018)",,
Christophe Hansen,I.4 Previous - Other professional activities,Permanent Representation of Luxembourg to the European Union (2014-2016); president of the Council Working Party on the Environment during the Luxembourgish Presidency of the Council of the European Union in 2015,,
Costas Kadis,I.1 Previous - Foundations/similar bodies,"President, 02/2024 - 09/2024 (non-remunerated post, resigned)",Cyprus National Commission for UNESCO - Foundation supported by the Government of Cyprus,"Main objective: to implement and promote projects and activities within the five main thematic sectors of UNESCO: Education, Natural Sciences, Culture, Social and Human Sciences, Communication and Information."
Costas Kadis,I.1 Previous - Foundations/similar bodies,"Board Member, 09/2023 - 09/2024 (non-remunerated post, resigned)","Terra Cypria - the Cyprus Conservation - Foundation, non-profit NGO","Main objective: to promote environmental awareness and sustainability through pressure and environmental education, as well as through programmes that promote conservation, environmental protection and research."
Costas Kadis,I.2 Previous - Educational institutions,"Professor of Biodiversity Conservation, Head of Nature Conservation Unit, Dean of the School of Health Sciences, Deputy President of the University’s Council (6/2023 – 11/2024, resigned)","Frederick University, Cyprus (Private Institution)",
Costas Kadis,I.4 Previous - Other professional activities,Minister of Health of the Republic of Cyprus (7/2007-2/2008),,
Costas Kadis,I.4 Previous - Other professional activities,"Leader of the Greek Cypriot Technical Committee on the Environment, where he led talks with the Turkish- Cypriot Technical Committee, within the framework of the Government’s efforts for the reunification of Cyprus (3/2008-3/2014)",,
Costas Kadis,I.4 Previous - Other professional activities,Minister of Education and Culture of the Republic of Cyprus (3/2014-2/2018),,
Costas Kadis,I.4 Previous - Other professional activities,"Minister of Agriculture, Rural Development and Environment of the Republic of Cyprus (3/2018-2/2023)",,
Costas Kadis,II.1 Current - Honorary posts,Honorary Professor (non-functioning honorary title),University of West Attica (since 2015),Public University in Greece
Costas Kadis,II.1 Current - Honorary posts,Honorary Doctor (non-functioning honorary title),Agricultural University of Athens (since 2019),Public University in Greece
Costas Kadis,II.1 Current - Honorary posts,Honorary Member (non-functioning honorary title),Cyprus Biological Society (since 2022),Scientific Society with the main purpose of promoting the Biological Sciences in Cyprus
Dan Jørgensen,I.2 Previous - Educational institutions,Adjunct professor,Aalborg University,
Dan Jørgensen,I.4 Previous - Other professional activities,Minister for Development Cooperation and Minister for Global Climate Policy,,
Dan Jørgensen,I.4 Previous - Other professional activities,"Minister for Climate, Energy, and Utilities",,
Dan Jørgensen,I.4 Previous - Other professional activities,"Minister for Food, Agriculture, and Fisheries",,
Dan Jørgensen,I.4 Previous - Other professional activities,Member of Danish Parliament,,
Ursula von der Leyen,I.1 Previous - Foundations/similar bodies,Mitglied des Kuratoriums bis 2019,"Christoph-Metzelder-Stiftung, Düsseldorf",Langfristige Förderung von sozial benachteiligten Jugendlichen
Ursula von der Leyen,I.1 Previous - Foundations/similar bodies,Mitglied des Kuratoriums  bis 2019,"Festliche Operngala, Berlin",Förderveranstaltung zugunsten der Deutschen Aids-Stiftung
Ursula von der Leyen,I.1 Previous - Foundations/similar bodies,Mitglied des Kuratoriums  bis 2019,"Förderstiftung MHH PLUS, Hannover",Förderung von Projekten der Medizinischen Hochschule Hannover
Ursula von der Leyen,I.1 Previous - Foundations/similar bodies,Botschafterin  bis 2019,Stiftung Leben pur,Stiftung für Menschen mit schweren und mehrfachen Behinderungen
Ursula von der Leyen,I.1 Previous - Foundations/similar bodies,Mitglied des Kuratoriums  bis 2019,"Stiftung Deutsche Sporthilfe, Frankfurt am Main",Ideelle und materielle Förderung von Sportlern
Ursula von der Leyen,I.1 Previous - Foundations/similar bodies,Mitglied des Kuratoriums  bis 2019,"Stiftung Deutscher Spitzenpferdesport, Warendorf",Stiftung zur Absicherung der Qualität im deutschen Pferdesport
Ursula von der Leyen,I.1 Previous - Foundations/similar bodies,Mitglied des Kuratoriums  bis 2019,"TOTAL-E-QUALITY Deutschland e.V., Bad Bocklet",Stiftung zur Etablierung und nachhaltigen Verankerung für die Chancengleichheit
Ursula von der Leyen,I.1 Previous - Foundations/similar bodies,Mitglied des Board of Trustees  bis 2019,World Economic Forum,"Stiftung zum Dialog von Führungspersönlichkeiten aus Politik, Wirtschaft und Gesellschaft"
Ursula von der Leyen,I.1 Previous - Foundations/similar bodies,Mitglied des Advisory Board  bis 2019,Munich Security Conference,Inhaltliche Ausgestaltung der Münchner Sicherheitskonferenz
Ursula von der Leyen,I.1 Previous - Foundations/similar bodies,Unterstützerin  bis 2019,Ricarda und Udo Niedergerke-Stiftung,Unterstützung von Menschen in Not in der Region Hannover
Ursula von der Leyen,I.1 Previous - Foundations/similar bodies,Schirmherrin  bis 2019,Deutsche Traumastiftung,Verbesserung der Traumaversorgung durch Bildung und Forschung
Ursula von der Leyen,I.1 Previous - Foundations/similar bodies,Schirmherrin  bis 2019,ZAG-Stiftung „Pro Chance“,Unterstützung von Kindern und Jugendlichen in Hannover
Ursula von der Leyen,I.1 Previous - Foundations/similar bodies,Schirmherrin  bis 2019,Achtung! Kinderseele – Stiftung für die psychische Gesundheit von Kindern,Unterstützung von Kindern und Jugendlichen mit seelischen Störungen
Ursula von der Leyen,I.1 Previous - Foundations/similar bodies,Schirmherrin  bis 2019,Stiftung zur Förderung der humanistischen Schulbildung (KWR-Stiftung),Förderung des Kaiser-Wilhelm- und Ratsgymnasiums Hannover
Ursula von der Leyen,I.1 Previous - Foundations/similar bodies,Schirmherrin  bis 2019,Kinderherzen – Fördergemeinschaft Deutsche Kinderherzzentren e.V,Verbesserung der Behandlungsmöglichkeiten von herzkranken Kindern
Ursula von der Leyen,I.1 Previous - Foundations/similar bodies,Schirmherrin  bis 2019,Stiftung für das behinderte Kind,Förderung körperlich und geistig behinderter Kinder
Ursula von der Leyen,I.1 Previous - Foundations/similar bodies,Schirmherrin  bis 2019,Helmut Schmidt Universität  der Bundeswehr,Schirmherrschaften über den Ausbildungskongress der Bundeswehr und den HSU-Solidaritätslauf
Ursula von der Leyen,I.4 Previous - Other professional activities,"Dezember 2013 bis 2019: Bundesministerin der Verteidigung, Deutschland",,
Ursula von der Leyen,I.4 Previous - Other professional activities,"2009 - 2013: Bundesministerin für Arbeit und Soziales, Deutschland",,
Ursula von der Leyen,I.4 Previous - Other professional activities,"2005 - 2009: Bundesministerin für Familie, Senioren, Frauen und Jugend, Deutschland",,
Ursula von der Leyen,I.4 Previous - Other professional activities,Oktober 2009 bis 2019: Mitglied des Deutschen Bundestages,,
Ursula von der Leyen,I.4 Previous - Other professional activities,Dezember 2004 - 2019 : Mitglied im Präsidium - CDU Deutschland,,
Ursula von der Leyen,I.4 Previous - Other professional activities,November 2010 - 2019: Stellvertretende Vorsitzende - CDU Deutschland,,
Ursula von der Leyen,II.1 Current - Honorary posts,Ehrenmitgliedschaft im Kuratorium,Deutsches Kuratorium für Therapeutisches Reiten e.V.,"Förderung der Therapiemethode ""Therapeutisches Reiten"""
Ursula von der Leyen,II.1 Current - Honorary posts,Mitglied im Ehrenkomitee,Europäisches Jugendparlament,"Das EJP ist ein unabhängiges, überparteiliches Netzwerk aus 40 nationalen Organisationen, die sich gemeinsam für die europapolitische Bildung junger Menschen einsetzen"
Ursula von der Leyen,II.1 Current - Honorary posts,"""Head of the Honorary Patrons"" (für die Dauer des Mandats als Präsidentin der Kommission)",Jugendorchester der Europäischen Union,Orchester für junge Musiker aus der Europäischen Union
Ursula von der Leyen,II.2 Current - Other functions,Schirmherrin des Jahrgangs 2021-2022 des Masterstudiengangs II in europäischen Angelegenheiten der Sorbonne Universität,,
Dubravka Šuica,I.1 Previous - Foundations/similar bodies,President of the Supervisory Board (from February 2016-December 2019),"Robert Schuman Institute, Budapest, Hungary",The Institute organises political education and training events for politicians and parties belonging to the European People’s Party family
Dubravka Šuica,I.4 Previous - Other professional activities,European Commission Vice-President for Democracy and Demography (2019-2024),,
Dubravka Šuica,I.4 Previous - Other professional activities,Member of the European Parliament (2013 - 2019),,
Dubravka Šuica,I.4 Previous - Other professional activities,Member of the Croatian Parliament (2000-2011),,
Dubravka Šuica,I.4 Previous - Other professional activities,Vice-President of the Congress of Local and Regional Authorities (2004-2014),,
Dubravka Šuica,I.4 Previous - Other professional activities,Mayor of Dubrovnik (2001-2009),,
Ekaterina Zaharieva,I.4 Previous - Other professional activities,Deputy Prime Minister for Economic Policy and Minister of Regional Development and Public Works in the Care-taker Government (March 2013 - May 2013),,
Ekaterina Zaharieva,I.4 Previous - Other professional activities,Head of Cabinet of the President of the Republic of Bulgaria (May 2013 - August 2014),,
Ekaterina Zaharieva,I.4 Previous - Other professional activities,Deputy Prime Minister for Economic Policy and Minister of Regional Development and Public Works in the Care-taker Government (August 2014 - November 2014),,
Ekaterina Zaharieva,I.4 Previous - Other professional activities,Head of Cabinet of the President of the Republic of Bulgaria (November 2014 - December 2015),,
Ekaterina Zaharieva,I.4 Previous - Other professional activities,Minister of Justice (December 2015 - January 2017),,
Ekaterina Zaharieva,I.4 Previous - Other professional activities,Deputy Prime Minister for Judicial Reform and Minister of Foreign Affairs (May 2017 - May 2021,,
Ekaterina Zaharieva,I.4 Previous - Other professional activities,"Member of the 49th National Assembly, 48th National Assembly, 47th National Assembly, 46th National Assembly, 45th National Assembly, 44th National Assembly (2017-2024, except for periods as a Member of Council of Ministers and Manager Investment Projects, Anzak Invest OOD of the periods specified)",,
Ekaterina Zaharieva,I.4 Previous - Other professional activities,Member of the 50th National Assembly (June 2024 - 19.09.2024),,
Ekaterina Zaharieva,I.4 Previous - Other professional activities,"2017-2023: five short-term assignments of two months as Project Manager (support to ongoing projects) at Anzak Invest OOD (""OOD"" abbreviation means in Bulgarian ""limited liability company""). The company's manager and partner is Mr Angel Valeriev Zahariev, spouse of Ms Zaharieva. Business of the company is: Consultancy, Project Management, Real Estate, Development, Lease of Residential and Commercial properties",,
Glenn Micallef,I.1 Previous - Foundations/similar bodies,Council President and Member from 2021 until July 2024,St. John ’s CoCathedral Foundation,St John's Co-Cathedral Foundation was established to administer and conserve the Co-Cathedral and its Museum
Glenn Micallef,I.1 Previous - Foundations/similar bodies,Vice President and Executive Member from 2021 until September 2024,Żabbar St. Patrick Football Club,Maltese football club from the town of Żabbar in Malta
Glenn Micallef,I.1 Previous - Foundations/similar bodies,Committee Member from 2021 until 2023,Ghaqda Muzikali San Gużepp Kalkara,"Cultural organisation that teaches music, solidarity and assists in the organisation of the village feast of Kalkara in Malta"
Glenn Micallef,I.1 Previous - Foundations/similar bodies,International Secretary and Vice President from 2014 until 2018,Labour Youths Malta,"The youth organisation of the Labour Party of Malta. It promotes Democratic Socialist values and progressive ideas amongst the youths in Malta and Gozo, whilst promoting confidence in the abilities of youths"
Glenn Micallef,I.1 Previous - Foundations/similar bodies,Control Commission Member from 2016 until 2018,International Union of Socialist Youth,"The International Union of Socialist Youth is an international youth labour organisation, whose activities include publications, supporting member organisations and the organisation of meetings"
Glenn Micallef,I.4 Previous - Other professional activities,Sherpa to the Prime Minister of the Republic of Malta and Adviser to the Prime Minister on EU Affairs from 20220 to September 2024,,
Glenn Micallef,I.4 Previous - Other professional activities,Head of Secretariat of the Office of the Prime Minister of the Republic of Malta from 2020 until June 2024,,
Glenn Micallef,I.4 Previous - Other professional activities,Director-General of the EU Coordination Department within the Government of Malta from 2018 until 2020,,
Glenn Micallef,I.4 Previous - Other professional activities,Coordinator at the EU Secretariat (later renamed EU Coordination Department) within the Government of Malta from 2015 until 2018,,
Glenn Micallef,I.4 Previous - Other professional activities,Research Analyst at the EU Secretariat (later renamed EU Coordination Department) within the Government of Malta from 2013 until 2015,,
Hadja Lahbib,I.1 Previous - Foundations/similar bodies,Administrateur (2006-2022),'Les Passeurs de Lumière' ASBL,Documentaries/Culture/Conférences
Hadja Lahbib,I.1 Previous - Foundations/similar bodies,Administrator (2020-2022),The Factory,Theater-Art- performance
Hadja Lahbib,I.1 Previous - Foundations/similar bodies,Administrator (2021-2023),Fondation pour les Arts,Cultural agenda and support the Culture life in Belgium
Hadja Lahbib,I.1 Previous - Foundations/similar bodies,Administrator (2021 -2024),Cinematheque Royale de Belgique,(Cinema and Archives)
Hadja Lahbib,I.1 Previous - Foundations/similar bodies,Administrator (2021-2023),KANAL-Pompidou Foundation,Contemporary Art Museum in Brussels
Hadja Lahbib,I.1 Previous - Foundations/similar bodies,Vice-president of the Board (2021-2022),CSEM - Conseil supérieur pour l'éducation aux médias,Media education-information
Hadja Lahbib,I.1 Previous - Foundations/similar bodies,(President of Honour) (2022-2024),Théâtre des Galeries,Theater
Hadja Lahbib,I.2 Previous - Educational institutions,Member of scientific Committee The year of diversity - 2017,ULB - Université Libre de Bruxelles,
Hadja Lahbib,I.4 Previous - Other professional activities,06.2024-11.2024: deputy in the brussels regional parliament,,
Hadja Lahbib,I.4 Previous - Other professional activities,"2022-2024 : Minister for Foreign Affairs, European Affairs, Foreign Trade and Federal Cultural Institutions",,
Hadja Lahbib,I.4 Previous - Other professional activities,1997-2022: Journalist - RTBF (radio télévision belge francophone),,
Hadja Lahbib,I.4 Previous - Other professional activities,"2020-2022 ""Brussels2030"" ASBL- Culture- City development for the European Capital of culture in 2030- Advisory consulting and project managment",,
Hadja Lahbib,II.2 Current - Other functions,Ridder Grootkruis Oranje-Nassau,,
Hadja Lahbib,II.2 Current - Other functions,Grand Officier de l’Ordre du Mérite,,
Henna Virkkunen,I.1 Previous - Foundations/similar bodies,"Member of the Board of Directors, 2021-November 2024",The Atlantic Council of Finland ACF,"An independent, non-partisan, non-governmental and non-profit organisation promoting transatlantic discussion, research and education on foreign and security policy"
Henna Virkkunen,I.1 Previous - Foundations/similar bodies,"Chair, 2020-November 2024",Toivo Ajatuspaja – Kansallinen Kulttuurisäätiö Foundation,"A non-profit, centre-right foundation and think-tank, member organisation of the Wilfried Martens Centre for European Studies"
Henna Virkkunen,I.1 Previous - Foundations/similar bodies,"Chair, 2020-November 2024",Jyväskylän Kirittäret,A Finnish female baseball team
Henna Virkkunen,I.1 Previous - Foundations/similar bodies,"Co-Chair, 2019-October 2024",EPP SME Circle,An informal grouping of the EPP MEPs working to advance the viewpoint of SMEs in policy making
Henna Virkkunen,I.1 Previous - Foundations/similar bodies,"Chair, 2019-2022",Finnish National Commission for UNESCO,An advisory body which issues opinions to the Ministry of Education and Culture and to the Government of Finland
Henna Virkkunen,I.1 Previous - Foundations/similar bodies,"Chair, 2019-2023",Finnish Association for Horse Owners – Suomen Hevosomistajien Keskusliitto ry,A common interest organisation of horse owners in Finland
Henna Virkkunen,I.1 Previous - Foundations/similar bodies,"Delegation member, 2021-2023",Finland’s national central organisation for trotting and horse breeding – Suomen Hippos ry,Organisation maintaining a register of horse breeds bred in Finland and supervising trotting race activities
Henna Virkkunen,I.1 Previous - Foundations/similar bodies,"Member of the Board, July 2024-September 2024",European Energy Forum,"A non-profit organisation focused on energy topics, connecting MEPs with private and public stakeholders"
Henna Virkkunen,I.1 Previous - Foundations/similar bodies,"Member, 2014-2024A function linked to the MEP status, 8th and 9th legislature of the European Parliament",Animal welfare intergroup,Grouping of MEPs working to advance animal welfare and conservation in EU policy making
Henna Virkkunen,I.1 Previous - Foundations/similar bodies,"Member, 2014-2024A function linked to the MEP status, 8th and 9th legislature of the European Parliament",LGBTI intergroup,Grouping of MEPs working to advance LGBTI rights in EU policy making
Henna Virkkunen,I.1 Previous - Foundations/similar bodies,"Member, 2014-2024A function linked to the MEP status, 8th and 9th legislature of the European Parliament",Child rights intergroup,Grouping of MEPs working to advance children’s rights in EU policy making
Henna Virkkunen,I.1 Previous - Foundations/similar bodies,"Member, 2019-2024A function linked to the MEP status, 9th legislature of the European Parliament",MEP Horse Group,Grouping of MEPs with the aim of increasing the visibility of the horse industry on the European political agenda
Henna Virkkunen,I.1 Previous - Foundations/similar bodies,"Co-Chair, 2019-2024A function linked to the MEP status, 9th legislature of the European Parliament",The Forum for Mobility and Society,An umbrella organisation of transport and mobility sector stakeholders
Henna Virkkunen,I.4 Previous - Other professional activities,"Member of the European Parliament /European People’s Party), 2014-November 2024",,
Henna Virkkunen,I.4 Previous - Other professional activities,"Member of Jyväskylä City Council (National Coalition Party), 2021-November 2024",,
Jessika Roswall,I.1 Previous - Foundations/similar bodies,Member of the board untill 2024,Victim support Enköping,Support victims of crime
Jessika Roswall,I.1 Previous - Foundations/similar bodies,Member of the SE Bar Association untill 2022,SE Bar Association,Legal activities
Jessika Roswall,I.1 Previous - Foundations/similar bodies,Member of the Government body involved in the judges' recruitment 2015-2022,Domarnämnden,Government supportfunction
Jessika Roswall,I.1 Previous - Foundations/similar bodies,Transparency Councel 2012-2018,SE consumer agency,Ensuring transparency of the work
Jessika Roswall,I.1 Previous - Foundations/similar bodies,Transparency Councel 2014-2022,Uppsala County Board,Ensuring transparency of the work
Jessika Roswall,I.1 Previous - Foundations/similar bodies,Transparency Councel 2018-2020,SE agency for work environment expertise,Ensuring transparency of the work
Jessika Roswall,I.1 Previous - Foundations/similar bodies,Transparency Councel 2019-2022,SE Institute for European policy studies,Ensuring transparency of the work
Jessika Roswall,I.3 Previous - Governing/supervisory/advisory,Chair,Juristfirman A Roswall AB,Law firm (ended in 2023)
Jessika Roswall,I.3 Previous - Governing/supervisory/advisory,Auditor,Baggårdens Samfallighetsforening,Community association (ended in 2024)
Jessika Roswall,I.4 Previous - Other professional activities,"Jessika Roswall AB (law firm, dissolved in 2015)",,
Jessika Roswall,I.4 Previous - Other professional activities,Member of National Parliament 2010-2024,,
Jessika Roswall,I.4 Previous - Other professional activities,Minister of European Affairs 2022-2024,,
Jozef Síkela,I.3 Previous - Governing/supervisory/advisory,2010 – 2014 : CEO and Chairman of the Board,"Slovenska sporitelna, a.s.",Banking
Jozef Síkela,I.3 Previous - Governing/supervisory/advisory,"2010 – 2019: Member, Deputy Chairman, Chairman of the Supervisory Board","Prva stavebna sporitelna, a.s.",Building saving financing
Jozef Síkela,I.3 Previous - Governing/supervisory/advisory,2015 – 2017: Member of the Supervisory Board,Erste Group Immorent AG,Real estate financing
Jozef Síkela,I.3 Previous - Governing/supervisory/advisory,2015 – 2019: Member of the Supervisory Board,Oesterreichische Kontrollbank AG,Financial services provider
Jozef Síkela,I.3 Previous - Governing/supervisory/advisory,2015 – 2019: Member of the Board of Directors,Erste Group Bank AG,Banking
Jozef Síkela,I.3 Previous - Governing/supervisory/advisory,2019 – 2020: Adviser to the Holding Board,Erste Group Bank AG,Banking
Jozef Síkela,I.4 Previous - Other professional activities,"2021 – Self-employed, partner of Primefund, a qualified investor fund focused on innovation and technology, Consulting",,
Jozef Síkela,I.4 Previous - Other professional activities,"2021 – 07/10/2024; Government of the Czech Republic, Government",,
Jozef Síkela,II.1 Current - Honorary posts,2020 – 2025 : Member of the Supervisory Board,"Professor Charvat Foundation Fund, 3rd Internal Medicine Clinic, 1st Medical Faculty of Charles University and General University Hospital in Prague",This foundation focuses on modernization of the services of the General University Hospital in Prague and improvement of conditions for science and research at the 1st Medical Faculty of Charles University Hospital in Prague
Kaja Kallas,I.1 Previous - Foundations/similar bodies,Member of Council since 2016 -2024,European Council on Foreign Relations,Research on European Foreign and Security policy
Kaja Kallas,I.1 Previous - Foundations/similar bodies,Advisory Board Member in 2018,Women Economic Forum,Empowering women
Kaja Kallas,I.1 Previous - Foundations/similar bodies,Patron in 2017,Model European Union Tallinn,Improving knowledge about the EU
Kaja Kallas,I.1 Previous - Foundations/similar bodies,Mentor in 2016-2017,European Liberal Youth,Improving knowledge about the EU
Kaja Kallas,I.1 Previous - Foundations/similar bodies,Patron in 2016,Creative Business Cap,Empowering creative and innovative startups
Kaja Kallas,I.1 Previous - Foundations/similar bodies,Member until 2024,European Internet Forum,Promoting internet freedom
Kaja Kallas,I.4 Previous - Other professional activities,2021 – 2024 Prime Minister of Estonia,,
Kaja Kallas,I.4 Previous - Other professional activities,"2019 – 2021 Member of the Estonian Parliament, Chairman of the Reform Party faction",,
Kaja Kallas,I.4 Previous - Other professional activities,2018 – 2024 President of the Reform Party,,
Kaja Kallas,I.4 Previous - Other professional activities,2014 – 2018 Member of the European Parliament,,
Kaja Kallas,I.4 Previous - Other professional activities,2013 – 2018 Vice-President of the Reform Party,,
Kaja Kallas,I.4 Previous - Other professional activities,"2011 – 2014 Member of the Estonian Parliament, Chairman of the Economics Committee",,
Magnus Brunner,I.1 Previous - Foundations/similar bodies,President of the Austrian Tennis Association [Österreichischer Tennisverband] - 26.10.2020–28.01.2022,Austrian Tennis Association,Safeguarding the interests and maintaining the image of tennis in Austria
Magnus Brunner,I.1 Previous - Foundations/similar bodies,Vice-President of the Austrian Tennis Association - 3.3.2013–1.3.2015,Austrian Tennis Association,Safeguarding the interests and maintaining the image of tennis in Austria
Magnus Brunner,I.1 Previous - Foundations/similar bodies,Vice-President of the Vorarlberg Symphony Orchestra [Symphonieorchester Vorarlberg] - 20.4.2015–30.11.2025,Vorarlberg Symphony Orchestra,Promotion of Austrian arts and culture in the field of music
Magnus Brunner,I.3 Previous - Governing/supervisory/advisory,Member of the Supervisory Board of Alpine Equity - 30.11.2010–2.9.2014,Alpine Equity Management GmbH,Investment in selected companies in the German-speaking area
Magnus Brunner,I.3 Previous - Governing/supervisory/advisory,Member of the Supervisory Board of CISMO Clearing Integrated Services and Market Operations - 2.8.2011–4.4.2019,CISMO Clearing Integrated Services and Market Operations,Provision of energy services
Magnus Brunner,I.3 Previous - Governing/supervisory/advisory,Member of the Supervisory Board of Stadtwerke Bregenz [Bregenz municipal utilities] - 9.11.2010–13.8.2013,Stadtwerke Bregenz,Municipal infrastructure service provider for the City of Bregenz
Magnus Brunner,I.3 Previous - Governing/supervisory/advisory,CEO - 12.1.2007–14.1.2020,OeMAG Abwicklungsstelle für Ökostrom AG [Green Electricity Settlement Centre],Managing support for renewable energy
Magnus Brunner,I.4 Previous - Other professional activities,Minister of Finance of the Republic of Austria - 6.12.2021–20.11.2024,,
Magnus Brunner,I.4 Previous - Other professional activities,"State Secretary, Federal Ministry of Climate Action, Environment, Energy, Mobility, Innovation and Technology of the Republic of Austria - 29.1.2020–6.12.2021",,
Magnus Brunner,I.4 Previous - Other professional activities,"State Secretary, Federal Ministry of Transport, Innovation and Technology - 7.1.2020–29.1.2020",,
Magnus Brunner,I.4 Previous - Other professional activities,Vice-President of the Bundesrat [the upper house of the Austrian Parliament] - 3.4.2018–5.11.2019 and 5.12.2019–13.1.2020,,
Magnus Brunner,I.4 Previous - Other professional activities,Member of the Bundesrat - 1.5.2009–13.1.2020,,
Maria Luís Albuquerque,I.2 Previous - Educational institutions,Member of the Advisory Board (non-paid),INDEG-ISCTE Executive Education (INDEG – “Instituto para o Desenvolvimento da Gestão Empresarial” or Institute for the Development of Corporate Management; ISCTE – “Instituto de Ciências do Trabalho e da Empresa” or Institute for Labour and Corporate Sciences),
Maria Luís Albuquerque,I.2 Previous - Educational institutions,Member of the Advisory Board (non-paid),"Faculty of Economics and Business, Universidade Lusíada de Lisboa",
Maria Luís Albuquerque,I.3 Previous - Governing/supervisory/advisory,"Independent Non-Executive Director from March 2016 to October 2021 (as defined by the regulatory requirements, the management was supervised by a number of Non-Executive members of the Board, of which some must be independent – with no financial interests in the company, and no variable remuneration. As the Group was present in several countries, I had to be scrutinised and approved by the Central Banks of Ireland, Italy, England, Portugal and the Netherlands. As part of my role, I was the Designated Board Member for Employee Voice and Workforce Engagement. In October 2021 the Company was acquired by a private equity fund and delisted from the London Stock Exchange, so I resigned)",Arrow Global Group plc,Credit management services provider
Maria Luís Albuquerque,I.3 Previous - Governing/supervisory/advisory,"Member of the Supervisory Board from September 2022 to 31 August 2024 (Independent Non-Executive Director. Under German law, these financial institutions must have a Supervisory Board with a minimum number of independent non-executive directors. These independent non-executive directors must scrutinise the management and assure that all stakeholders’ interests are adequately protected. Independent Non-Executive Directors must be approved under the Fit & Proper assessment by the ECB prior to being appointed. They are not employees of Morgan Stanley)",Morgan Stanley Europe Holding SEMorgan Stanley Europe SEMorgan Stanley Bank AG,Banking
Maria Luís Albuquerque,I.3 Previous - Governing/supervisory/advisory,"Member of the Board from 28 December 2023 to 29 August 2024(This is the shareholder company to manage the holdings of Infrastructure Funds in Euroscut Azores.I was a member of the Board from the inception of the company and stepped down when my name was announced as the Portuguese nominee for the College of Commissioners. I had no remuneration for this role, as my actual work would start later in 2024, after the transition period from the previous owner of the asset)","HRRL Acores, S.A.",Asset management services
Maria Luís Albuquerque,I.4 Previous - Other professional activities,"Member of the operating team at Horizon Equity Partners - Independent Fund Manager (from January 2022 to September 2024)Day-to-day management of a Public Private Partnership/concession contract for the building of the Hospital of Terceira Island in the Azores Region, entailing interacting with the maintenance operator, the Hospital administration, and the public contract manager",,
Maria Luís Albuquerque,I.4 Previous - Other professional activities,"Consultant at Banco Millenium Atlantico (Banking) (from January-June 2022 and from July-December 2023), preparing an Action Plan to Strengthen Compliance Culture and Improve Governance, including revising policies, suggesting improved procedures, increased accountability and transparency, as well as the preparation of a set of materials for training sessions, questionnaires for self-assessment of board effectiveness, among other materials on governance best-practices",,
Maria Luís Albuquerque,I.4 Previous - Other professional activities,Services provider to Horizon Equity Partners and to Banco Millennium Atlântico (private company co-owned with spouse) (closed),,
Maria Luís Albuquerque,I.4 Previous - Other professional activities,"Elected Member of the Municipal Assembly of Almada, Portugal (from October 2017 to October 2021)",,
Maria Luís Albuquerque,I.4 Previous - Other professional activities,Responsible for the public debt issuance - Portuguese Treasury and Debt Management Agency (from 2007 to 2011 and from November to 31 December 2021),,
Maria Luís Albuquerque,I.4 Previous - Other professional activities,Vice-President of PSD - Partido Social Democrata (from 2016 to 2018),,
Maria Luís Albuquerque,I.4 Previous - Other professional activities,Member of Portuguese Parliament (from November 2015 to October 2019),,
Maria Luís Albuquerque,I.4 Previous - Other professional activities,Minister of State and Finance of Portugal (from July 2013 to November 2015),,
Maria Luís Albuquerque,II.1 Current - Honorary posts,Participation in the Honor Committee (“Comissao de Honra“),"Honor Committee (“Comissao de Honra“) for Maia, Capital Europeia do Voluntariado 2026",The “Comissao de Honra” gathers well known personalities that can lend symbolic support to an event or organisation.
Maroš Šefčovič,I.1 Previous - Foundations/similar bodies,Honorary Member of the Committee of the Slovak Atlantic Commission,"The Slovak Atlantic Commission (SAC, Slovak: Slovenská atlantická komisia)",The Slovak independent non-governmental organization was active in the area of domestic and international policy and security
Maroš Šefčovič,I.4 Previous - Other professional activities,November 2014 - November 2019: Vice-President of the European Commission  in charge of Energy Union (as of July 2019 temporarily also for the Digital Single Market),,
Maroš Šefčovič,I.4 Previous - Other professional activities,"December 2019 - August 2023: Vice-President of the European Commission in charge of  Interinstitutional Relations and Foresight,",,
Maroš Šefčovič,I.4 Previous - Other professional activities,"August 2023 – November 2024: Executive Vice-President of the European Commission for the European Green Deal, Interinstitutional Relations and Foresight; temporarily also responsible for environment, oceans and fisheries",,
Maroš Šefčovič,I.4 Previous - Other professional activities,"December 2024 - Commissioner for Trade and Economic Security, Interinstitutional Relations and Transparency",,
Marta Kos,I.1 Previous - Foundations/similar bodies,"Cofounder and President (June 2021 – September 17, 2024)",Association for Cooperation of Female Experts and Promoting the Knowledge ONAVE,"Promoting women’s presence in the public space, including media"
Marta Kos,I.1 Previous - Foundations/similar bodies,"Vice-President (June 15, 2023 - September 17, 2024)","Committee for Prizes and Awards, Olympic Committee of Slovenia",Organization and promotion of prizes and awards in differentfields of sports
Marta Kos,I.1 Previous - Foundations/similar bodies,"Member (April 20, 2023 - September 17, 2024)","Committee for Sport and Economic Diplomacy, Olympic Committee of Slovenia",Promotion of presence of Slovenians in the international sports organizations and economic promotion through sports
Marta Kos,I.3 Previous - Governing/supervisory/advisory,"Vice-President and President (March 16, 2023 - September 17, 2024)",Supervisory Board of MAIERHOFER Schweiz AG,Interior Design
Marta Kos,I.4 Previous - Other professional activities,Ambassador of the Republic of Slovenia to Germany and Latvia (non-residential) 2013 – 2017,,
Marta Kos,I.4 Previous - Other professional activities,Ambassador of the Republic of Slovenia to Switzerland and Lichtenstein (non-residential) 2017-2020,,
Marta Kos,I.4 Previous - Other professional activities,KOS CONSULTING & COACHING; sole proprietorship; from 2021-2024,,
Michael McGrath,I.1 Previous - Foundations/similar bodies,"Member of the Audit, Risk and Finance Board (2019-2020)",Chartered Accountants Ireland,"Chartered Accountants lreland is a professional body representing members across t he globe. The role of the Audit, Risk and Finance Committee is to oversee the financial reporting process to ensure the balance, transparency and integrity of financialinformation"
Michael McGrath,I.4 Previous - Other professional activities,"Minister for Finance, Government of lreland, 2022 - 2024",,
Michael McGrath,I.4 Previous - Other professional activities,"Minister for Public Expenditure and Reform, Government of lreland, 2020 - 2022",,
Michael McGrath,I.4 Previous - Other professional activities,Member of Dáil Éireann (Irish Parliament) 2007 - November 2024,,
Michael McGrath,I.4 Previous - Other professional activities,"Member of Parliamentary Committees, 2007 - 2020",,
Olivér Várhelyi,I.4 Previous - Other professional activities,2019 - 2024: Commissioner for Neighbourhood and Enlargement,,
Olivér Várhelyi,I.4 Previous - Other professional activities,2015 - 2019: Permanent Representative of Hungary to the European Union,,
Piotr Serafin,I.4 Previous - Other professional activities,Acting Permanent Representative of Poland to the European Union (13/12/2023 to 20/10/2024),,
Piotr Serafin,I.4 Previous - Other professional activities,"Director, General Secretariat of the Council of the EU – EU official (2020 to 2023)",,
Piotr Serafin,I.4 Previous - Other professional activities,Head of Cabinet of the President of the European Council (2014 to 2019),,
Piotr Serafin,I.4 Previous - Other professional activities,Secretary of State at the Ministry of Foreign Affairs and the Prime Minister’s plenipotentiary for coordination of the Prime Minister’s participation in European Council meetings (2012-2014),,
Raffaele Fitto,I.1 Previous - Foundations/similar bodies,President (2005 - 2023),La Puglia Prima di Tutto,Regional political party for the participation in regional and local elections
Raffaele Fitto,I.1 Previous - Foundations/similar bodies,President (2015),Oltre con Fitto,Regional political party for the participation in regional and local elections
Raffaele Fitto,I.1 Previous - Foundations/similar bodies,President (2015 - 2017),Conservatori e Riformisti,Political party for the participation in local elections
Raffaele Fitto,I.1 Previous - Foundations/similar bodies,President (2017 al 2018),Direzione Italia,Political party
Raffaele Fitto,I.1 Previous - Foundations/similar bodies,President  (2017),Questa volta no,Association for the referendum campaign
Raffaele Fitto,I.1 Previous - Foundations/similar bodies,President (2018-2020),Noi con l’ Italia UDC,Political party for the participation in national elections
Raffaele Fitto,I.1 Previous - Foundations/similar bodies,Member of the Board (from 2016 to 19/9/24),New Direction,Foundation. “New Direction” is the official foundation of the European Conservatives and Reformists Party. New Direction is registered in Belgium as a not-for-profit organisation and is partly funded by the European Parliament
Raffaele Fitto,I.4 Previous - Other professional activities,"Minister for European Affairs, the South, Cohesion Policy, and the National Recovery and Resilience Plan - 2022-2024",,
Raffaele Fitto,I.4 Previous - Other professional activities,Member of the Italian Chamber of Deputies - Fratelli d’Italia Group (ECR) 2022- 2024,,
Raffaele Fitto,I.4 Previous - Other professional activities,"Member of the European Parliament, Fratelli d’Italia (ECR) - 9th legislature - Co-Chairman of the ECR Group of “European Conservatives and Reformists” 2019-2022",,
Raffaele Fitto,I.4 Previous - Other professional activities,"Member of the European Parliament, Forza Italia (EPP) - 8th legislature. In 2015 I joined the ECR Group, and in 2016 I was appointed Vice-Chairman of ECR Group - 2014-2019",,
Raffaele Fitto,I.4 Previous - Other professional activities,Member of the Italian Chamber of Deputies – Forza Italia Group (EPP),,
Roxana Mînzatu,I.3 Previous - Governing/supervisory/advisory,Sole shareholder (1.04.2021-13.01.2022)Administrator (1.04.2021 – 31.12.2021),Ro Agora SRL,Consulting services / Consultancy for startups and established SMEs on EU and other nonrefundable funding
Roxana Mînzatu,I.3 Previous - Governing/supervisory/advisory,"Board Member, 21 November 2023 - 5 July 2024",OPCOMOperatorul pietei de energie electrica si gaze naturale din Romania / The operator of the electricity and natural gas market in Romania,Electricity / natural gas
Roxana Mînzatu,I.4 Previous - Other professional activities,"23 March 2022 – 5 July 2024, Secretary of State - Coordinator of the Department for the integrated evaluation and monitoring of programs financed from public and European funds, General Secretariat of the Government, Bucharest, RO",,
Roxana Mînzatu,I.4 Previous - Other professional activities,"30 December 2021 – 23 March 2022, Secretary of State – Coordination of the Operational Program for Disadvantaged People, Ministry of European Projects and Investments, Bucharest, RO",,
Roxana Mînzatu,I.4 Previous - Other professional activities,"6 December 2021 – 29 December 2021, Information and Awareness Campaign Expert, Project: „EduFit- Servicii integrate pentru copiii cu parinti plecati la munca in strainatate din Regiunea Sud-Muntenia” SMIS 139729 / EduFit – Intergated services for children with parents that work abroad from South-Muntenia Region (co-financed from Human Capital Operational Programme RO 2014-2021 Programming Period, ESF), Employer: Didactica Foundation",,
Roxana Mînzatu,I.4 Previous - Other professional activities,"6 November 2021 – 29 December 2021, Partnership Networks Expert, Project: „EduTime- Servicii integrate pentru copiii cu parinti plecati la munca in strainatate din Regiunea Sud-Muntenia” SMIS 139746 / EduTime – Intergated services for children with parents that work abroad from Center Region (co-financed from Human Capital Operational Programme RO 2014-2021 Programming Period / ESF), Employer: Didactica Foundation",,
Roxana Mînzatu,I.4 Previous - Other professional activities,"21 December 2016 – 19 December 2020, Member of RO Parliament/ MP (elected)",,
Roxana Mînzatu,I.4 Previous - Other professional activities,"10 June 2019 –  4 November 2019, Minister of European Funds",,
Roxana Mînzatu,I.4 Previous - Other professional activities,"2 September 2015 – 26 January 2016, President of the National Agency for Public Procurement (Rank of Secretary of State)",,
Roxana Mînzatu,I.4 Previous - Other professional activities,"2013 - 2019 President, Women’s Organization - Brasov county, Social-Democratic Party",,
Roxana Mînzatu,I.4 Previous - Other professional activities,"July - November 2016 – County Councilor, Brașov County",,
Roxana Mînzatu,I.4 Previous - Other professional activities,"2018 – 2020  Vice-president, Social-Democratic Party",,
Roxana Mînzatu,I.4 Previous - Other professional activities,"2013 - 2024 Vice-president, Brasov County Organisation, Social-Democratic Party",,
Roxana Mînzatu,I.4 Previous - Other professional activities,"July 2024 – 30 November 2024, First Vice-president, Brasov County Organisation, Social-Democratic Party",,
Roxana Mînzatu,I.4 Previous - Other professional activities,"July 2024 – 30 November 2024, Member of European Parliament",,
Stéphane Séjourné,I.4 Previous - Other professional activities,Member of the French Parliament from 07 July 2024 to 30 November 2024,,
Stéphane Séjourné,I.4 Previous - Other professional activities,Secretary-General of the political party Renaissance from September 2022 to 30 November 2024 (unpaid),,
Stéphane Séjourné,I.4 Previous - Other professional activities,Secretary-General of the association Nouveaux européens from March 2023 to 08 October 2024 (unpaid),,
Stéphane Séjourné,I.4 Previous - Other professional activities,Minister for Europe and Foreign Affairs of France from 11 January 2024 to 23 September 2024,,
Stéphane Séjourné,I.4 Previous - Other professional activities,Member of the European Parliament from July 2019 to Jabuary 2024 and Presidentof the Renew Europe group from October 2021 to January 2024,,
Stéphane Séjourné,I.4 Previous - Other professional activities,Campaign director and candidate for the 2019 European elections January 2019 to May 2019,,
Stéphane Séjourné,I.4 Previous - Other professional activities,Political adviser to the President of the French Republic Emmanuel Macron from May 2017 to December 2018,,
Stéphane Séjourné,I.4 Previous - Other professional activities,Political adviser for the French presidential election from September 2016 to May 2017,,
Stéphane Séjourné,I.4 Previous - Other professional activities,"Political adviser to the Minister of Economy, Industry and Digital, in charge of relations with the Parliament – from October 2014 to August 2016",,
Stéphane Séjourné,I.4 Previous - Other professional activities,"Political adviser to the President of Ile-de-France Regional Council, Jean-Paul Huchon from September 2012 to September 2014",,
Teresa Ribera,I.1 Previous - Foundations/similar bodies,President of the Board (activity in my capacity as former Minister),Fundación Biodiversidad (2018-2024),"State public sector foundation attached to the Ministry for Ecological Transition and the Demographic Challenge. Public awareness, research and activities on biodiversity conservation and nature restoration"
Teresa Ribera,I.1 Previous - Foundations/similar bodies,President of the Board (activity in my capacity as former Minister),Fundación Ciudad de la Energia-Ciuden (2018-2024),State public sector foundation attached to the Institute for JustTransition of the Ministry for Ecological Transition and the Demographic Challenge. Research on CO2 capture and development of policies on just transition
Teresa Ribera,I.1 Previous - Foundations/similar bodies,Director General (2014-2018)Climate Advisor (2013-2014),IDDRI – Institut du développement durable et des relations internationales (2013-2018),Independent policy research institute and a multi-stakeholder dialogue platform that identifies the conditions and proposes tools to put sustainable development at the heart of international relations and public and private policies
Teresa Ribera,I.1 Previous - Foundations/similar bodies,Member of the Global Advisory Committee on Climate,World Economic Forum (2013-2015),Economic improvement and sustainability forum
Teresa Ribera,I.1 Previous - Foundations/similar bodies,Member of the Advisory Council,Stockholm Environment Institute (2016-2018),Think-tank on environment
Teresa Ribera,I.1 Previous - Foundations/similar bodies,Member of the International Network,Sustainable Development Solutions Network - SDSN (2016-2018),International network to promote solutions on sustainable development
Teresa Ribera,I.1 Previous - Foundations/similar bodies,Membre du Conseil d'Administration,Institut de Recherche pour le Développement (2016-2018),"Multidisciplinary French public research organisation, with focus on research on human development and economic sustainability"
Teresa Ribera,I.1 Previous - Foundations/similar bodies,Member of the International Committee to assess the German Sustainable Development Strategy,German Sustainable Development Council (Rat für NachhaltigeEntwicklung-RNE) (2016-2018),Independent entity advising the German Federal government
Teresa Ribera,I.1 Previous - Foundations/similar bodies,Member of the Council on the Geopolitics of Renewable Energy,International Renewable Energy Agency-IRENA (2017-2018),Assessment and recommendations on the geopolitical implications of the deployment of renewable energy worldwide
Teresa Ribera,I.1 Previous - Foundations/similar bodies,Member of the Governing Board,Fundipax (2002-2019),Foundation for the promotion of the peace culture and values
Teresa Ribera,I.1 Previous - Foundations/similar bodies,Member of the Jury,Princesa de Asturias Awards (2017-2018),Assessment of the candidates and decision on the beneficiaries of the awards
Teresa Ribera,I.1 Previous - Foundations/similar bodies,Member of the Board,Fundación Alternativas (2012-2018),"Spanish think-tank for independent thought, discussion and development of ideas for political, economic, social and cultural change in Spanish and European society"
Teresa Ribera,I.4 Previous - Other professional activities,"Member of the Spanish Parliament (May 2019-September 2019, December 2019, February 2020, August 2023-December 2023)",,
Teresa Ribera,I.4 Previous - Other professional activities,Minister for Ecological Transition and Demographic Challenge (June 2018 – November 2024); Deputy Primer Minister – 4th (January 2020-July 2021); Deputy Prime Minister – 3rd (July 2021–November 2024),,
Teresa Ribera,I.4 Previous - Other professional activities,Civil Servant of the Spanish public administration (on unpaid leave due to public office),,
Teresa Ribera,I.4 Previous - Other professional activities,PSOE Advisory Council on Ecological Transition (2016-2018); Member of PSOE Executive Committee (2017-November 2024),,
Teresa Ribera,I.4 Previous - Other professional activities,Elected MEP (May 2024). Renounced in view of the expected nomination by Spain as candidate for the next Commission,,
Teresa Ribera,I.4 Previous - Other professional activities,Co-Chair of the Global Commission on People-Centered Clean Energy Transitions of the International Energy Agency - IEA (from July 2024),,
Teresa Ribera,I.4 Previous - Other professional activities,Co-Chair of the International Climate and Energy Summit of the International Energy Agency – IEA (October 2023),,
Teresa Ribera,I.4 Previous - Other professional activities,"Co-Chair of the High-Level Advisory Group on Global Energy, Climate and Finance leaders of the International Energy Agency-IEA (April-November 2022)",,
Teresa Ribera,I.4 Previous - Other professional activities,Member of Our Inclusive Energy Future: The Global Commission on People-Centred Clean Energy Transitions of the International Energy Agency-IEA (January-October 2021),,
Teresa Ribera,I.4 Previous - Other professional activities,Member of the Global Commission for Urgent Action on Energy Efficiency of the International Energy Agency-IEA (June 2019-June 2020),,
Teresa Ribera,I.4 Previous - Other professional activities,Reviewer of several annual editions of the World Energy Outlook of the International Energy Agency-IEA,,
Teresa Ribera,I.4 Previous - Other professional activities,President of the 11th session of the International Renewable Energy Agency-IRENA-Assembly (2021),,
Teresa Ribera,I.4 Previous - Other professional activities,Co-Chair of the Independent Commission for Sustainable Equality of Progressive Society delivering the report “The great shift. From a broken world to sustainable well-being” (2021),,
Teresa Ribera,I.4 Previous - Other professional activities,Chair of the Foundation for European Progressive Studies-FEPS Steering Committee on Climate Justice (2019),,
Teresa Ribera,I.4 Previous - Other professional activities,"Member of the Agora Council for Europe -Agora Energiewende, non-profit think tank and forum on European climate and energy policy (December 2021-November 2024)",,
Teresa Ribera,II.1 Current - Honorary posts,Associated Member,Classe Technologie et Société de l'Académie royale de Belgique,Non-governmental association to promote science and arts
Teresa Ribera,II.1 Current - Honorary posts,Honorary President,"Association Femmes d""Europe aisbl","Philanthropic, apolitical, independent and multicultural organization supporting the rights and wellbeing of mostly women and children through fundraising and project support, primarily in Europe"
Ursula von der Leyen,I.1 Previous - Foundations/similar bodies,Member of the Board of Trustees until 2019,"Christoph-Metzelder-Stiftung [Christoph Metzelder Foundation], Düsseldorf",Long-term support for disadvantaged young people
Ursula von der Leyen,I.1 Previous - Foundations/similar bodies,Member of the Board of Trustees until 2019,"Festliche Operngala [Grand Opera Gala], Berlin",Fundraising event in support of the German AIDS Foundation
Ursula von der Leyen,I.1 Previous - Foundations/similar bodies,Member of the Board of Trustees until 2019,"Förderstiftung MHH PLUS [MHH PLUS Foundation], Hannover","Support for Hannover Medical School (Medizinische Hochschule Hannover, MHH) projects"
Ursula von der Leyen,I.1 Previous - Foundations/similar bodies,Ambassador until 2019,Stiftung Leben pur ['Pure Life' Foundation],Foundation for people with serious and multiple disabilities
Ursula von der Leyen,I.1 Previous - Foundations/similar bodies,Member of the Board of Trustees until 2019,"Stiftung Deutsche Sporthilfe [German Sports Aid Foundation], Frankfurt am Main",Material and non-material support for athletes
Ursula von der Leyen,I.1 Previous - Foundations/similar bodies,Member of the Board of Trustees until 2019,"Stiftung Deutscher Spitzenpferdesport [German Elite Equestrian Sports Foundation], Warendorf",Foundation for assuring quality in German equestrian sports
Ursula von der Leyen,I.1 Previous - Foundations/similar bodies,Member of the Board of Trustees until 2019,"TOTAL-E-QUALITY Deutschland e.V., Bad Bocklet",Foundation for the creation and preservation of equal opportunities
Ursula von der Leyen,I.1 Previous - Foundations/similar bodies,Member of the Board of Trustees until 2019,World Economic Forum,"Foundation promoting dialogue between political, economic and social leaders"
Ursula von der Leyen,I.1 Previous - Foundations/similar bodies,Member of the Advisory Board until 2019,Munich Security Conference,Defining the scope of the Munich Security Conference
Ursula von der Leyen,I.1 Previous - Foundations/similar bodies,Supporter until 2019,Ricarda und Udo Niedergerke-Stiftung [Ricarda and Udo Niedergerke Foundation],Support for people in need in the Hannover region
Ursula von der Leyen,I.1 Previous - Foundations/similar bodies,Patron until 2019,Deutsche Traumastiftung [German Trauma Foundation],Improving trauma care through education and research
Ursula von der Leyen,I.1 Previous - Foundations/similar bodies,Patron until 2019,ZAG-Stiftung „Pro Chance“ [ZAG ‘Pro Chance’ Foundation],Support for children and young people in Hannover
Ursula von der Leyen,I.1 Previous - Foundations/similar bodies,Patron until 2019,Achtung! Kinderseele [Children’s Mental Health Foundation],Support for children and young people with mental-health issues
Ursula von der Leyen,I.1 Previous - Foundations/similar bodies,Patron until 2019,Stiftung zur Förderung der humanistischen Schulbildung (KWR-Stiftung) [Foundation for the Promotion of Humanist Education (KWR Foundation)],"Support for the Kaiser-Wilhelm- und Ratsgymnasium, a Hannover secondary school"
Ursula von der Leyen,I.1 Previous - Foundations/similar bodies,Patron until 2019,Kinderherzen – Fördergemeinschaft Deutsche Kinderherzzentren e.V [Children’s Hearts – Support Association for Children’s Heart Centres],Improving treatment options for children with heart conditions
Ursula von der Leyen,I.1 Previous - Foundations/similar bodies,Patron until 2019,Stiftung für das behinderte Kind [Foundation for Children with Disabilities],Support for children with physical and intellectual disabilities
Ursula von der Leyen,I.1 Previous - Foundations/similar bodies,Patron until 2019,Helmut Schmidt Universität der Bundeswehr [Helmut Schmidt University of the German Armed Forces],Patron of the German Armed Forces Training Conference and the universities’ solidarity run
Ursula von der Leyen,I.4 Previous - Other professional activities,"December 2013 to 2019: Federal Minister of Defence, Germany",,
Ursula von der Leyen,I.4 Previous - Other professional activities,"2009 - 2013: Federal Minister of Labour and Social Affairs, Germany",,
Ursula von der Leyen,I.4 Previous - Other professional activities,"2005 - 2009: Federal Minister of Family Affairs, Senior Citizens, Women and Youth, Germany",,
Ursula von der Leyen,I.4 Previous - Other professional activities,October 2009 to 2019: Member of the German Bundestag,,
Ursula von der Leyen,I.4 Previous - Other professional activities,December 2004 to 2019: Member of the Presidium - CDU Deutschland,,
Ursula von der Leyen,I.4 Previous - Other professional activities,November 2010 to 2019: Vice-President - CDU Deutschland,,
Ursula von der Leyen,II.1 Current - Honorary posts,Honorary member of the Board of Trustees,Deutsches Kuratorium für Therapeutisches Reiten e.V. [German Board of Trustees for Therapeutic Riding],Promotion of riding therapy
Ursula von der Leyen,II.1 Current - Honorary posts,Member of the Committee of Honour,European Youth Parliament,"The European Youth Parliament is an independent, non-partisan network of 40 national organisations working together to educate young people in European affairs"
Ursula von der Leyen,II.1 Current - Honorary posts,Head of the Honorary Patrons (for the duration of her term of office as President of the Commission),European Union Youth Orchestra,The Orchestra brings together young musicians from the European Union
Ursula von der Leyen,II.2 Current - Other functions,Patron of the promotion 2021-2022 of the Master II in European Affairs at Sorbonne University,,
Ursula von der Leyen,I.1 Previous - Foundations/similar bodies,Membre de la commission d'avis (Kuratorium) jusqu'en 2019,"Fondation Christoph-Metzelder, Düsseldorf",Promotion sur le long terme pour les jeunes socialement défavorisés
Ursula von der Leyen,I.1 Previous - Foundations/similar bodies,Membre de la commission d'avis (Kuratorium) jusqu'en 2019,"Festliche Operngala (Opéras de gala), Berlin",Organisation promotionnelle au profit de la Fondation Aids Allemagne
Ursula von der Leyen,I.1 Previous - Foundations/similar bodies,Membre de la commission d'avis (Kuratorium) jusqu'en 2019,"Fondation de promotion MHH PLUS, Hanovre",Promotion des projets de l'école supérieure de médecine de Hanovre
Ursula von der Leyen,I.1 Previous - Foundations/similar bodies,Ambassadrice jusqu'en 2019,Fondation Leben pur,Fondation d'aide aux personnes souffrant de handicaps graves et multiples
Ursula von der Leyen,I.1 Previous - Foundations/similar bodies,Membre de la commission d'avis (Kuratorium) jusqu'en 2019,"Fondation Deutsche Sporthilfe, Francfort-sur-le-Main",Soutien moral et matériel aux sportifs
Ursula von der Leyen,I.1 Previous - Foundations/similar bodies,Soutien moral et matériel aux sportifs,"Fondation Deutscher Spitzenpferdesport, Warendorf",Fondation pour la protection de la qualité dans le sport équestre
Ursula von der Leyen,I.1 Previous - Foundations/similar bodies,Membre de la commission d'avis (Kuratorium) jusqu'en 2019,"TOTAL-E-QUALITY Deutschland e.V., Bad Bocklet",Fondation pour l'établissement et l'ancrage durable de l’égalité des chances
Ursula von der Leyen,I.1 Previous - Foundations/similar bodies,Membre du conseil de surveillance (Board of Trustees) jusqu'en 2019,Forum économique mondial,Fondation pour le dialogue des dirigeants des sphères politique et économique et de la société civile
Ursula von der Leyen,I.1 Previous - Foundations/similar bodies,Membre du comité consultatif (Advisory Board) jusqu'en 2019,Conférence de Munich sur la sécurité,Préparation du contenu de la Conférence de Munich sur la sécurité
Ursula von der Leyen,I.1 Previous - Foundations/similar bodies,Soutien jusqu'en 2019,Fondation Ricarda und Udo Niedergerke,Promotion de l'association Menschen in Not (aide sociale) dans la région de Hanovre
Ursula von der Leyen,I.1 Previous - Foundations/similar bodies,Marraine jusqu'en 2019,Fondation Deutsche Traumastiftung,Amélioration des soins en traumatologie par la formation et la recherche
Ursula von der Leyen,I.1 Previous - Foundations/similar bodies,Marraine jusqu'en 2019,Fondation ZAG-Stiftung «Pro Chance»,"Aide aux enfants et adolescents, Hanovre"
Ursula von der Leyen,I.1 Previous - Foundations/similar bodies,Marraine jusqu'en 2019,Achtung! Kinderseele – Fondation pour la santé psychique des enfants,Aide aux enfants et adolescents atteints de troubles psychiques
Ursula von der Leyen,I.1 Previous - Foundations/similar bodies,Marraine jusqu'en 2019,Fondation pour la formation en études classiques (Fondation KWR),Soutien du Kaiser-Wilhelm und Ratsgymnasium de Hanovre
Ursula von der Leyen,I.1 Previous - Foundations/similar bodies,Marraine jusqu'en 2019,Kinderherzen - Fördergemeinschaft Deutsche Kinderherzzentren e.V,Amélioration des options de traitement pour les enfants atteints de maladies cardiaques
Ursula von der Leyen,I.1 Previous - Foundations/similar bodies,Marraine jusqu'en 2019,Stiftung für das behinderte Kind,Promotion au profit des enfants handicapés physiques et mentaux
Ursula von der Leyen,I.1 Previous - Foundations/similar bodies,Marraine jusqu'en 2019,Université des forces armées fédérales Helmut Schmidt,Marrainage pour le congrès de formation des forces armées fédérales et la course à pied solidaire de l'université
Ursula von der Leyen,I.4 Previous - Other professional activities,"Décembre 2013 à 2019: Ministre fédérale de la défense, Allemagne",,
Ursula von der Leyen,I.4 Previous - Other professional activities,"2009 - 2013: Ministre fédérale du travail et des affaires sociales, Allemagne",,
Ursula von der Leyen,I.4 Previous - Other professional activities,"2005 - 2009: Ministre fédérale de la famille, des personnes âgées, de la condition féminine et de la jeunesse, Allemagne",,
Ursula von der Leyen,I.4 Previous - Other professional activities,Octobre 2009 à 2019: membre du Bundestag,,
Ursula von der Leyen,I.4 Previous - Other professional activities,"Décembre 2004 - 2019: membre du Bureau de la CDU, Allemagne",,
Ursula von der Leyen,I.4 Previous - Other professional activities,"Novembre 2010 - 2019: Vice-présidente de la CDU, Allemagne",,
Ursula von der Leyen,II.1 Current - Honorary posts,Membre honoraire de la commission d'avis (Kuratorium),Deutsches Kuratorium für Therapeutisches Reiten e.V. (Commission d'avis allemande pour l'équithérapie - association déclarée),Promotion de la méthode thérapeutique « équithérapie »
Ursula von der Leyen,II.1 Current - Honorary posts,Membre du comité d’honneur,Parlement européen des jeunes,"Le PEJ est un réseau indépendant et impartial composé de 40 organisations nationales, qui œuvrent ensemble en faveur de la formation des jeunes dans le domaine de la politique européenne"
Ursula von der Leyen,II.1 Current - Honorary posts,« Présidente des parrains d’honneur » (pour la durée de son mandat de Présidente de la Commission),Orchestre des jeunes de l’Union européenne,Orchestre rassemblant des jeunes musiciens de l’Union européenne
Ursula von der Leyen,II.2 Current - Other functions,Marraine de la promotion 2021-2022 du Master II Affaires Européennes de Sorbonne Université,,
Valdis Dombrovskis,I.4 Previous - Other professional activities,"12/2019- 11/2024: Executive Vice- President for an Economy that Works for People, and since 10/2020 also in charge of Trade",,
Valdis Dombrovskis,I.4 Previous - Other professional activities,"11/2014-11/2019: Vice-President of the European Commission for the Euro and Social Dialogue, and since 07/2016 also in charge of Financial Stability, Financial Services and Capital Markets Union",,
Valdis Dombrovskis,II.1 Current - Honorary posts,Honorary Membership,University of Latvia,University
Valdis Dombrovskis,II.1 Current - Honorary posts,Honorary Membership,Riga Technical University,University
Valdis Dombrovskis,II.2 Current - Other functions,Patronage of the ‘Talents Programme’ of the Riga Technical University,,
Wopke Hoekstra,I.1 Previous - Foundations/similar bodies,2016 - Oct 2017 - Chair,"Raad van Toezicht, ScheepvaartmuseumMuseum","Chair of the non-executive board. Supervise daily management/activities of the National Maritime museum, inAmsterdam, the Netherlands"
Wopke Hoekstra,I.1 Previous - Foundations/similar bodies,Jan 2017 - Oct 2017 - Ambassador,Prinses Maxima Centrum,"Promote the work (Pediatric Oncology) of the Princess Maxima Centre, in Utrecht, the Netherlands"
Wopke Hoekstra,I.1 Previous - Foundations/similar bodies,2015 - Oct 2017 - Member of the Board,Bestuur Stichting Vrienden van het Hubrecht Instituut,"Fundraising for Development Biology and Stem Cell Research, in Utrecht, the Netherlands"
Wopke Hoekstra,I.4 Previous - Other professional activities,"9 October 2023 – 30 November 2024 - European Commissioner for Climate Action, with additional temporary portfolio responsibility for transport since July 2024",,
Wopke Hoekstra,I.4 Previous - Other professional activities,10 January 2022 - 1 September 2023 - Appointed Minister of Foreign Affairs of the Netherlands and Vice-Prime Minister in the fourth Rutte government,,
Wopke Hoekstra,I.4 Previous - Other professional activities,18 March 2021 - 10 January 2022 - Leader of the Christian Democratic Alliance (CDA) in the House of Representatives,,
Wopke Hoekstra,I.4 Previous - Other professional activities,26 October 2017 - 10 January 2022 - Minister of Finance in the third Rutte government,,
Wopke Hoekstra,I.4 Previous - Other professional activities,"2011 - 2017 - Member of the Senate for the Christian Democratic Alliance (CDA) and member of the Senate Finance Committee, Economic Affairs Committee, Security and Justice Committee, Social Affairs and Employment Committee, and Foreign Affairs, Defence and Development Cooperation Committee",,
Wopke Hoekstra,I.4 Previous - Other professional activities,2016 - Chair of the 2017 CDA electoral programme committee,,
Wopke Hoekstra,I.4 Previous - Other professional activities,"2006 - 2017 - McKinsey & Company, partner since 2013",,
