Name,Country,Constituency,National_Party,EP_Group,In_Office_Since,Birth_Date,Notes
Harald Vilimsky,Austria,,FPÖ,Patriots for Europe,,1 July 2014,
Petra Steger,Austria,,FPÖ,Patriots for Europe,,16 July 2024,
Georg Mayer,Austria,,FPÖ,Patriots for Europe,,1 July 2014,
Roman Haider,Austria,,FPÖ,Patriots for Europe,,2 July 2019,
Gerald Hauser,Austria,,FPÖ,Patriots for Europe,,16 July 2024,
Elisabeth Dieringer-Granza,Austria,,FPÖ,Patriots for Europe,,16 July 2024,
Reinhold Lopatka,Austria,,ÖVP,EPP,,16 July 2024,
Angelika Winzig,Austria,,ÖVP,EPP,,2 July 2019,
Alexander Bernhuber,Austria,,ÖVP,EPP,,2 July 2019,
Sophia Kircher,Austria,,ÖVP,EPP,,16 July 2024,
Lukas Mandl,Austria,,ÖVP,EPP,,30 November 2017,
Andreas Schieder,Austria,,SPÖ,S&D,,2 July 2019,
Evelyn Regner,Austria,,SPÖ,S&D,,1 July 2009,
Günther Sidl,Austria,,SPÖ,S&D,,2 July 2019,
Elisabeth Grossmann,Austria,,SPÖ,S&D,,16 July 2024,
Hannes Heide,Austria,,SPÖ,S&D,,2 July 2019,
Lena Schilling,Austria,,GRÜNE,Greens/EFA,,16 July 2024,
Thomas Waitz,Austria,,GRÜNE,Greens/EFA,,1 February 2020[a],
Helmut Brandstätter,Austria,,NEOS,Renew Europe,,16 July 2024,
Anna Stürgkh,Austria,,NEOS,Renew Europe,,16 July 2024,
Sophie Wilmès,Belgium,French-speaking,MR,Renew Europe,,16 July 2024,
Olivier Chastel,Belgium,French-speaking,MR,Renew Europe,,2 July 2019,
Benoît Cassart,Belgium,French-speaking,MR,Renew Europe,,16 July 2024,
Tom Vandendriessche,Belgium,Dutch-speaking,VB,Patriots for Europe,,2 July 2019,
Gerolf Annemans,Belgium,Dutch-speaking,VB,Patriots for Europe,,1 July 2014,
Barbara Bonte,Belgium,Dutch-speaking,VB,Patriots for Europe,,16 July 2024,
Johan Van Overtveldt,Belgium,Dutch-speaking,N-VA,ECR,,2 July 2019,
Assita Kanko,Belgium,Dutch-speaking,N-VA,ECR,,2 July 2019,
Kris Van Dijck,Belgium,Dutch-speaking,N-VA,ECR,,16 July 2024,
Elio Di Rupo,Belgium,French-speaking,PS,S&D,,16 July 2024[b],
Estelle Ceulemans,Belgium,French-speaking,PS,S&D,,16 July 2024,
Wouter Beke,Belgium,Dutch-speaking,CD&V,EPP,,16 July 2024,
Liesbet Sommen,Belgium,Dutch-speaking,CD&V,EPP,,16 July 2024,
Bruno Tobback,Belgium,Dutch-speaking,Vooruit,S&D,,16 July 2024,
Kathleen Van Brempt,Belgium,Dutch-speaking,Vooruit,S&D,,1 July 2009,
Sara Matthieu,Belgium,Dutch-speaking,Groen,Greens/EFA,,8 October 2020,
Rudi Kennes,Belgium,Dutch-speaking,PVDA-PTB,The Left,,16 July 2024,
Marc Botenga,Belgium,French-speaking,PVDA-PTB,The Left,,2 July 2019,
Hilde Vautmans,Belgium,Dutch-speaking,Open Vld,Renew Europe,,1 January 2015,
Yvan Verougstraete,Belgium,French-speaking,LE,Renew Europe,,16 July 2024,
Saskia Bricmont,Belgium,French-speaking,Ecolo,Greens/EFA,,2 July 2019,
Pascal Arimont,Belgium,German-speaking,CSP,EPP,,1 July 2014,
Iliya Lazarov,Bulgaria,,GERB–SDS,EPP,,16 July 2024,
Andrey Kovatchev,Bulgaria,,GERB–SDS,EPP,,24 August 2009,
Andrey Novakov,Bulgaria,,GERB–SDS,EPP,,24 November 2014,
Emil Radev,Bulgaria,,GERB–SDS,EPP,,1 July 2014,
Eva Maydell,Bulgaria,,GERB–SDS,EPP,,1 July 2014,
Ilhan Kyuchyuk,Bulgaria,,DPS,Renew Europe,,1 July 2014,
Taner Kabilov,Bulgaria,,DPS,Renew Europe,,16 July 2024,
Elena Yoncheva,Bulgaria,,DPS,Renew Europe,,26 May 2019,
Nikola Minchev,Bulgaria,,PP–DB,Renew Europe,,16 July 2024,
Hristo Petrov,Bulgaria,,PP–DB,Renew Europe,,16 July 2024,
Radan Kanev,Bulgaria,,PP–DB,EPP,,26 May 2019,
Stanislav Stoyanov,Bulgaria,,Revival,Europe of Sovereign Nations,,16 July 2024,
Petar Volgin,Bulgaria,,Revival,Europe of Sovereign Nations,,16 July 2024,
Rada Laykova,Bulgaria,,Revival,Europe of Sovereign Nations,,16 July 2024,
Kristian Vigenin,Bulgaria,,BSPzB,S&D,,16 July 2024[c],
Tsvetelina Penkova,Bulgaria,,BSPzB,S&D,,26 May 2019,
Ivaylo Valchev,Bulgaria,,ITN,ECR,,16 July 2024,
Davor Ivo Stier,Croatia,,HDZ,EPP,,16 July 2024[d],
Karlo Ressler,Croatia,,HDZ,EPP,,2 July 2019,
Nikolina Brnjac,Croatia,,HDZ,EPP,,16 July 2024,
Željana Zovko,Croatia,,HDZ,EPP,,21 November 2016,
Sunčana Glavak,Croatia,,HDZ,EPP,,1 December 2019,
Tomislav Sokol,Croatia,,HDZ,EPP,,2 July 2019,
Biljana Borzan,Croatia,,SDP+,S&D,,1 July 2013,
Predrag Matić,Croatia,,SDP+,S&D,,2 July 2019,23 August 2024
Romana Jerković,Croatia,,SDP+,S&D,,1 February 2020,
Tonino Picula,Croatia,,SDP+,S&D,,1 July 2013,
Marko Vešligaj,Croatia,,SDP+,S&D,,5 September 2024,
Stephen Bartulica,Croatia,,DP,ECR,,16 July 2024,
Gordan Bosanac,Croatia,,Možemo!,Greens/EFA,,16 July 2024,
Loukas Fourlas,Cyprus,,DISY,EPP,,2 July 2019,
Michalis Hatzipantelas,Cyprus,,DISY,EPP,,16 July 2024,
Giorgos Georgiou,Cyprus,,AKEL,The Left,,2 July 2019,
Fidias Panayiotou,Cyprus,,IND,Non-Inscrits,,16 July 2024,
Geadis Geadi,Cyprus,,ELAM,ECR,,16 July 2024,
Costas Mavrides,Cyprus,,DIKO,S&D,,1 July 2014,
Klára Dostálová,Czech Republic,,ANO,Patriots for Europe,,16 July 2024,
Jaroslav Bžoch,Czech Republic,,ANO,Patriots for Europe,,16 July 2024,
Martin Hlaváček,Czech Republic,,ANO,Patriots for Europe,,2 July 2019,31 July 2024
Ondřej Knotek,Czech Republic,,ANO,Patriots for Europe,,2 July 2019,
Tomáš Kubín,Czech Republic,,ANO,Patriots for Europe,,1 August 2024,
Jana Nagyová,Czech Republic,,ANO,Patriots for Europe,,16 July 2024,
Jaroslava Pokorná Jermanová,Czech Republic,,ANO,Patriots for Europe,,16 July 2024,
Jaroslav Knot,Czech Republic,,IND,Patriots for Europe,,31 July 2025,
Ondřej Kovařík,Czech Republic,,ANO,Patriots for Europe,,2 July 2019,30 July 2025
Alexandr Vondra,Czech Republic,,SPOLU,ECR,,2 July 2019,
Veronika Vrecionová,Czech Republic,,SPOLU,ECR,,2 July 2019,
Ondřej Krutílek,Czech Republic,,SPOLU,ECR,,16 July 2024,
Luděk Niedermayer,Czech Republic,,SPOLU,EPP,,1 July 2014,
Ondřej Kolář,Czech Republic,,SPOLU,EPP,,16 July 2024,
Tomáš Zdechovský,Czech Republic,,SPOLU,EPP,,1 July 2014,
Nikola Bartůšek,Czech Republic,,PaM,Patriots for Europe,,16 July 2024,
Antonín Staněk,Czech Republic,,PaM,Patriots for Europe,,4 October 2025,
Kateřina Konečná,Czech Republic,,Stačilo!(KSČM),Non-Inscrits,,1 July 2014,
Ondřej Dostál,Czech Republic,,Stačilo!(SD-SN),Non-Inscrits,,16 July 2024,
Danuše Nerudová,Czech Republic,,STAN,EPP,,16 July 2024,
Jan Farský,Czech Republic,,STAN,EPP,,16 July 2024,
Markéta Gregorová,Czech Republic,,Piráti,Greens/EFA,,2 July 2019,
Ivan David,Czech Republic,,SPD–T,Europe of Sovereign Nations,,2 July 2019,
Kira Peter-Hansen,Denmark,,F,Greens/EFA,,2 July 2019,
Villy Søvndal,Denmark,,F,Greens/EFA,,16 July 2024,
Rasmus Nordqvist,Denmark,,F,Greens/EFA,,16 July 2024,
Christel Schaldemose,Denmark,,A,S&D,,1 July 2006,
Niels Fuglsang,Denmark,,A,S&D,,2 July 2019,
Marianne Vind,Denmark,,A,S&D,,2 July 2019,
Morten Løkkegaard,Denmark,,V,Renew Europe,,3 March 2016,
Asger Christensen,Denmark,,V,Renew Europe,,2 July 2019,
Niels Flemming Hansen,Denmark,,C,EPP,,16 July 2024,
Kristoffer Hjort Storm,Denmark,,Æ,ECR,,16 July 2024,
Sigrid Friis,Denmark,,B,Renew Europe,,16 July 2024,
Per Clausen,Denmark,,Ø,The Left,,16 July 2024,
Henrik Dahl,Denmark,,I,EPP,,16 July 2024,
Anders Vistisen,Denmark,,O,Patriots for Europe,,22 November 2022,
Stine Bosse,Denmark,,M,Renew Europe,,16 July 2024,
Riho Terras,Estonia,,Isamaa,EPP,,1 February 2020,
Jüri Ratas,Estonia,,Isamaa,EPP,,16 July 2024,
Marina Kaljurand,Estonia,,SDE,S&D,,2 July 2019,
Sven Mikser,Estonia,,SDE,S&D,,2 July 2019,
Urmas Paet,Estonia,,ER,Renew Europe,,3 November 2014,
Jaak Madison,Estonia,,EKRE,ECR,,2 July 2019,
Jana Toom,Estonia,,EK,Renew Europe,,1 July 2014,
Mika Aaltola,Finland,,KOK,EPP,,16 July 2024,
Henna Virkkunen,Finland,,KOK,EPP,,1 July 2014,30 November 2024
Pekka Toveri,Finland,,KOK,EPP,,16 July 2024,
Aura Salla,Finland,,KOK,EPP,,16 July 2024,
Sirpa Pietikäinen,Finland,,KOK,EPP,,1 December 2024[e],
Li Andersson,Finland,,VAS,The Left,,16 July 2024,
Merja Kyllönen,Finland,,VAS,The Left,,16 July 2024[f],
Jussi Saramo,Finland,,VAS,The Left,,16 July 2024,
Eero Heinäluoma,Finland,,SDP,S&D,,2 July 2019,
Maria Guzenina,Finland,,SDP,S&D,,16 July 2024,
Elsi Katainen,Finland,,KESK,Renew Europe,,1 March 2018,
Katri Kulmuni,Finland,,KESK,Renew Europe,,16 July 2024,
Ville Niinistö,Finland,,VIHR,Greens/EFA,,2 July 2019,
Maria Ohisalo,Finland,,VIHR,Greens/EFA,,16 July 2024,
Sebastian Tynkkynen,Finland,,PS,ECR,,16 July 2024,
Anna-Maja Henriksson,Finland,,SFP,Renew Europe,,16 July 2024,
Jordan Bardella,France,,RN,Patriots for Europe,,2 July 2019,
Malika Sorel,France,,RN,Patriots for Europe,,16 July 2024,
Fabrice Leggeri,France,,RN,Patriots for Europe,,16 July 2024,
Mathilde Androuët,France,,RN,Patriots for Europe,,2 July 2019,
Jean-Paul Garraud,France,,RN,Patriots for Europe,,2 July 2019,
Mélanie Disdier,France,,RN,Patriots for Europe,,16 July 2024,
Matthieu Valet,France,,RN,Patriots for Europe,,16 July 2024,
Anne-Sophie Frigout,France,,RN,Patriots for Europe,,16 July 2024,
Thierry Mariani,France,,RN,Patriots for Europe,,2 July 2019,
Pascale Piera,France,,RN,Patriots for Europe,,16 July 2024,
Philippe Olivier,France,,RN,Patriots for Europe,,2 July 2019,
Marie-Luce Brasier-Clain,France,,RN,Patriots for Europe,,16 July 2024,
Alexandre Varaut,France,,RN,Patriots for Europe,,16 July 2024[g],
Catherine Griset,France,,RN,Patriots for Europe,,2 July 2019,
Gilles Pennelle,France,,RN,Patriots for Europe,,16 July 2024,
Virginie Joron,France,,RN,Patriots for Europe,,2 July 2019,
Julien Sanchez,France,,RN,Patriots for Europe,,16 July 2024,
Julie Rechagneux,France,,RN,Patriots for Europe,,16 July 2024,
Aleksandar Nikolic,France,,RN,Patriots for Europe,,16 July 2024,
Valérie Deloge,France,,RN,Patriots for Europe,,16 July 2024,
Rody Tolassy,France,,RN,Patriots for Europe,,16 July 2024,
Marie Dauchy,France,,RN,Patriots for Europe,,28 July 2022,
Pierre-Romain Thionnet,France,,RN,Patriots for Europe,,16 July 2024,
Pierre Pimpie,France,,RN,Patriots for Europe,,16 July 2024,
Sylvie Josserand,France,,RN,Patriots for Europe,,16 July 2024,26 September 2024
Julien Leonardelli,France,,RN,Patriots for Europe,,16 July 2024,
Angéline Furet,France,,RN,Patriots for Europe,,16 July 2024,
Gaëtan Dussausaye,France,,RN,Patriots for Europe,,16 July 2024,26 September 2024
France Jamet,France,,RN,Patriots for Europe,,21 July 2017,
André Rougé,France,,RN,Patriots for Europe,,2 July 2019,
Christophe Bay,France,,RN,Patriots for Europe,,27 September 2024,
Séverine Werbrouck,France,,RN,Patriots for Europe,,27 September 2024,
Valérie Hayer,France,,BdE,Renew Europe,,2 July 2019,
Bernard Guetta,France,,BdE,Renew Europe,,2 July 2019,
Marie-Pierre Vedrenne,France,,BdE,Renew Europe,,2 July 2019,11 October 2025
Pascal Canfin,France,,BdE,Renew Europe,,2 July 2019,
Nathalie Loiseau,France,,BdE,Renew Europe,,2 July 2019,
Sandro Gozi,France,,BdE,Renew Europe,,1 February 2020,
Fabienne Keller,France,,BdE,Renew Europe,,2 July 2019,
Grégory Allione,France,,BdE,Renew Europe,,16 July 2024,
Laurence Farreng,France,,BdE,Renew Europe,,2 July 2019,
Gilles Boyer,France,,BdE,Renew Europe,,2 July 2019,
Valérie Devaux,France,,BdE,Renew Europe,,16 July 2024,
Christophe Grudler,France,,BdE,Renew Europe,,2 July 2019,
Stéphanie Yon-Courtin,France,,BdE,Renew Europe,,2 July 2019,
Jérémy Decerle,France,,BdE,Renew Europe,,12 October 2025,
Raphaël Glucksmann,France,,PS–PP,S&D,,2 July 2019,
Nora Mebarek,France,,PS–PP,S&D,,1 February 2020,
Pierre Jouvet,France,,PS–PP,S&D,,16 July 2024,
Aurore Lalucq,France,,PS–PP,S&D,,2 July 2019,
Christophe Clergeau,France,,PS–PP,S&D,,2 June 2023,
Murielle Laurent,France,,PS–PP,S&D,,16 July 2024,
Jean-Marc Germain,France,,PS–PP,S&D,,16 July 2024,
Emma Rafowicz,France,,PS–PP,S&D,,16 July 2024,
Thomas Pellerin-Carlin,France,,PS–PP,S&D,,16 July 2024,
Chloé Ridel,France,,PS–PP,S&D,,16 July 2024,
Éric Sargiacomo,France,,PS–PP,S&D,,16 July 2024,
Claire Fita,France,,PS–PP,S&D,,16 July 2024,
François Kalfon,France,,PS–PP,S&D,,16 July 2024,
Manon Aubry,France,,LFI,The Left,,2 July 2019,
Younous Omarjee,France,,LFI,The Left,,4 January 2012,
Marina Mesure,France,,LFI,The Left,,29 July 2022,
Anthony Smith,France,,LFI,The Left,,16 July 2024,
Leïla Chaibi,France,,LFI,The Left,,2 July 2019,
Arash Saeidi,France,,LFI,The Left,,16 July 2024,
Rima Hassan,France,,LFI,The Left,,16 July 2024,
Damien Carême,France,,LFI,The Left,,2 July 2019,
Emma Fourreau,France,,LFI,The Left,,16 July 2024,
François-Xavier Bellamy,France,,LR,EPP,,2 July 2019,
Céline Imart,France,,LR,EPP,,16 July 2024,
Christophe Gomart,France,,LR,EPP,,16 July 2024,
Isabelle Le Callennec,France,,LR,EPP,,16 July 2024,
Laurent Castillo,France,,LR,EPP,,16 July 2024,
Nadine Morano,France,,LR,EPP,,1 July 2014,
Marie Toussaint,France,,LÉ,Greens/EFA,,2 July 2019,
David Cormand,France,,LÉ,Greens/EFA,,2 July 2019,
Mélissa Camara,France,,LÉ,Greens/EFA,,16 July 2024,
Mounir Satouri,France,,LÉ,Greens/EFA,,2 July 2019,
Majdouline Sbaï,France,,LÉ,Greens/EFA,,16 July 2024,
Marion Maréchal,France,,REC,ECR,,16 July 2024,
Guillaume Peltier,France,,REC,ECR,,16 July 2024,
Sarah Knafo,France,,REC,Europe of Sovereign Nations,,16 July 2024,
Nicolas Bay,France,,REC,ECR,,1 July 2014,
Laurence Trochu,France,,MC,ECR,,16 July 2024,
Hildegard Bentele,Germany,,CDU/CSU,EPP,,2 July 2019,
Stefan Berger,Germany,,CDU/CSU,EPP,,2 July 2019,
Daniel Caspary,Germany,,CDU/CSU,EPP,,20 July 2004,28 February 2026
Lena Düpont,Germany,,CDU/CSU,EPP,,2 July 2019,
Christian Ehler,Germany,,CDU/CSU,EPP,,20 July 2004,
Michael Gahler,Germany,,CDU/CSU,EPP,,20 July 1999,
Jens Gieseke,Germany,,CDU/CSU,EPP,,1 July 2014,
Niclas Herbst,Germany,,CDU/CSU,EPP,,2 July 2019,
Peter Liese,Germany,,CDU/CSU,EPP,,19 July 1994,
Norbert Lins,Germany,,CDU/CSU,EPP,,1 July 2014,
David McAllister,Germany,,CDU/CSU,EPP,,1 July 2014,
Alexandra Mehnert,Germany,,CDU/CSU,EPP,,16 July 2024,
Verena Mertens,Germany,,CDU/CSU,EPP,,16 July 2024,
Dennis Radtke,Germany,,CDU/CSU,EPP,,24 July 2017,
Oliver Schenk,Germany,,CDU/CSU,EPP,,24 July 2017,
Christine Schneider,Germany,,CDU/CSU,EPP,,2 July 2019,
Andreas Schwab,Germany,,CDU/CSU,EPP,,20 July 2004,
Ralf Seekatz,Germany,,CDU/CSU,EPP,,2 July 2019,
Sven Simon,Germany,,CDU/CSU,EPP,,2 July 2019,
Sabine Verheyen,Germany,,CDU/CSU,EPP,,14 July 2009,
Axel Voss,Germany,,CDU/CSU,EPP,,14 July 2009,
Marion Walsmann,Germany,,CDU/CSU,EPP,,2 July 2019,
Andrea Wechsler,Germany,,CDU/CSU,EPP,,16 July 2024,
Christian Doleschal,Germany,,CDU/CSU,EPP,,2 July 2019,
Markus Ferber,Germany,,CDU/CSU,EPP,,19 July 1994,
Monika Hohlmeier,Germany,,CDU/CSU,EPP,,14 July 2009,
Stefan Köhler,Germany,,CDU/CSU,EPP,,16 July 2024,
Angelika Niebler,Germany,,CDU/CSU,EPP,,20 July 1999,
Manfred Weber,Germany,,CDU/CSU,EPP,,20 July 2004,
Christine Anderson,Germany,,AfD,Europe of Sovereign Nations,,2 July 2019,
Anja Arndt,Germany,,AfD,Europe of Sovereign Nations,,16 July 2024,
René Aust,Germany,,AfD,Europe of Sovereign Nations,,16 July 2024,
Arno Bausemer,Germany,,AfD,Europe of Sovereign Nations,,16 July 2024,
Irmhild Boßdorf,Germany,,AfD,Europe of Sovereign Nations,,16 July 2024,
Markus Buchheit,Germany,,AfD,Europe of Sovereign Nations,,2 July 2019,
Petr Bystron,Germany,,AfD,Europe of Sovereign Nations,,16 July 2024,
Siegbert Droese,Germany,,AfD,Europe of Sovereign Nations,,16 July 2024,
Tomasz Froelich,Germany,,AfD,Europe of Sovereign Nations,,16 July 2024,
Marc Jongen,Germany,,AfD,Europe of Sovereign Nations,,16 July 2024,
Alexander Jungbluth,Germany,,AfD,Europe of Sovereign Nations,,16 July 2024,
Mary Khan-Hohloch,Germany,,AfD,Europe of Sovereign Nations,,16 July 2024,
Hans Neuhoff,Germany,,AfD,Europe of Sovereign Nations,,16 July 2024,
Volker Schnurrbusch,Germany,,AfD,Europe of Sovereign Nations,,4 April 2025,
Alexander Sell,Germany,,AfD,Europe of Sovereign Nations,,16 July 2024,
Katarina Barley,Germany,,SPD,S&D,,2 July 2019,
Gabriele Bischoff,Germany,,SPD,S&D,,2 July 2019,
Udo Bullmann,Germany,,SPD,S&D,,20 July 1999,
Delara Burkhardt,Germany,,SPD,S&D,,2 July 2019,
Vivien Costanzo,Germany,,SPD,S&D,,16 July 2024,
Tobias Cremer,Germany,,SPD,S&D,,16 July 2024,
Matthias Ecke,Germany,,SPD,S&D,,3 October 2022,
Jens Geier,Germany,,SPD,S&D,,14 July 2009,
Bernd Lange,Germany,,SPD,S&D,,14 July 2009[h],
Maria Noichl,Germany,,SPD,S&D,,1 July 2014,
René Repasi,Germany,,SPD,S&D,,2 February 2022,
Sabrina Repp,Germany,,SPD,S&D,,16 July 2024,
Birgit Sippel,Germany,,SPD,S&D,,14 July 2009,
Tiemo Wölken,Germany,,SPD,S&D,,14 November 2016,
Rasmus Andresen,Germany,,Greens,Greens/EFA,,2 July 2019,
Michael Bloss,Germany,,Greens,Greens/EFA,,2 July 2019,
Anna Cavazzini,Germany,,Greens,Greens/EFA,,2 July 2019,
Daniel Freund,Germany,,Greens,Greens/EFA,,2 July 2019,
Alexandra Geese,Germany,,Greens,Greens/EFA,,2 July 2019,
Martin Häusling,Germany,,Greens,Greens/EFA,,14 July 2009,
Sergey Lagodinsky,Germany,,Greens,Greens/EFA,,2 July 2019,
Katrin Langensiepen,Germany,,Greens,Greens/EFA,,2 July 2019,
Erik Marquardt,Germany,,Greens,Greens/EFA,,2 July 2019,
Hannah Neumann,Germany,,Greens,Greens/EFA,,2 July 2019,
Jutta Paulus,Germany,,Greens,Greens/EFA,,2 July 2019,
Terry Reintke,Germany,,Greens,Greens/EFA,,1 July 2014,
Fabio De Masi,Germany,,BSW,Non-Inscrits,,16 July 2024[i],
Ruth Firmenich,Germany,,BSW,Non-Inscrits,,16 July 2024,
Thomas Geisel,Germany,,BSW,Non-Inscrits,,16 July 2024,
Friedrich Pürner,Germany,,BSW,Non-Inscrits,,16 July 2024,
Michael von der Schulenburg,Germany,,BSW,Non-Inscrits,,16 July 2024,
Jan-Peter Warnke,Germany,,BSW,Non-Inscrits,,16 July 2024,
Andreas Glück,Germany,,FDP,Renew Europe,,2 July 2019,
Svenja Hahn,Germany,,FDP,Renew Europe,,2 July 2019,
Moritz Körner,Germany,,FDP,Renew Europe,,2 July 2019,
Jan-Christoph Oetjen,Germany,,FDP,Renew Europe,,2 July 2019,
Marie-Agnes Strack-Zimmermann,Germany,,FDP,Renew Europe,,16 July 2024,
Özlem Demirel-Böhlke,Germany,,Left,The Left,,2 July 2019,
Martin Günther,Germany,,Left,The Left,,16 September 2025,
Martin Schirdewan,Germany,,Left,The Left,,8 November 2017,
Engin Eroglu,Germany,,FW,Renew Europe,,2 July 2019,
Christine Singer,Germany,,FW,Renew Europe,,16 July 2024,
Joachim Streit,Germany,,FW,Renew Europe,,16 July 2024,
Damian Boeselager,Germany,,Volt,Greens/EFA,,2 July 2019,
Nela Riehl,Germany,,Volt,Greens/EFA,,16 July 2024,
Kai Tegethoff,Germany,,Volt,Greens/EFA,,16 July 2024,
Sibylle Berg,Germany,,PARTEI,Non-Inscrits,,16 July 2024,
Martin Sonneborn,Germany,,PARTEI,Non-Inscrits,,1 July 2014,
Sebastian Everding,Germany,,PMUT,The Left,,16 July 2024,
Manuela Ripa,Germany,,ÖDP,EPP,,16 July 2020,
Niels Geuking,Germany,,FAM,EPP,,5 February 2024,
Lukas Sieper,Germany,,PDF,Non-Inscrits,,16 July 2024,
Giorgos Aftias,Greece,,ND,EPP,,16 July 2024,
Vangelis Meimarakis,Greece,,ND,EPP,,2 July 2019,
Eliza Vozemberg,Greece,,ND,EPP,,1 July 2014,
Fredis Beleris,Greece,,ND,EPP,,16 July 2024,
Eleonora Meleti,Greece,,ND,EPP,,16 July 2024,
Manolis Kefalogiannis,Greece,,ND,EPP,,1 July 2014,
Dimitris Tsiodras,Greece,,ND,EPP,,16 July 2024,
Kostas Arvanitis,Greece,,SYRIZA,The Left,,2 July 2019,
Nikolas Farantouris,Greece,,SYRIZA,The Left,,16 July 2024,
Nikos Pappas,Greece,,SYRIZA,The Left,,16 July 2024,
Elena Kountoura,Greece,,SYRIZA,The Left,,2 July 2019,
Nikos Papandreou,Greece,,PASOK,S&D,,3 May 2023,
Giannis Maniatis,Greece,,PASOK,S&D,,16 July 2024,
Sakis Arnaoutoglou,Greece,,PASOK,S&D,,16 July 2024,
Emmanouil Fragkos,Greece,,EL,ECR,,2 July 2019,
Galato Alexandraki,Greece,,EL,ECR,,16 July 2024,
Lefteris Nikolaou-Alavanos,Greece,,KKE,Non-Inscrits,,2 July 2019,
Konstantinos Papadakis,Greece,,KKE,Non-Inscrits,,1 July 2014,
Nikos Anadiotis,Greece,,NIKI,Non-Inscrits,,16 July 2024,
Maria Zacharia,Greece,,PE,Non-Inscrits,,16 July 2024,
Afroditi Latinopoulou,Greece,,FL,Patriots for Europe,,16 July 2024,
Tamás Deutsch,Hungary,,Fidesz–KDNP,Patriots for Europe,,14 July 2009,
Csaba Dömötör,Hungary,,Fidesz–KDNP,Patriots for Europe,,22 September 2024,
Kinga Gál,Hungary,,Fidesz–KDNP,Patriots for Europe,,20 July 2004,
András Gyürk,Hungary,,Fidesz–KDNP,Patriots for Europe,,20 July 2004,
Balázs Győrffy,Hungary,,Fidesz–KDNP,Patriots for Europe,,16 July 2024,1 September 2024
György Hölvényi,Hungary,,Fidesz–KDNP,Patriots for Europe,,1 July 2014,
Pál Szekeres,Hungary,,Fidesz–KDNP,Patriots for Europe,,16 July 2024,
Viktória Ferenc,Hungary,,Fidesz–KDNP,Patriots for Europe,,16 July 2024,
Annamária Vicsek,Hungary,,Fidesz–KDNP,Patriots for Europe,,16 July 2024,
Enikő Győri,Hungary,,Fidesz–KDNP,Patriots for Europe,,2 July 2019[j],
András László,Hungary,,Fidesz–KDNP,Patriots for Europe,,16 July 2024,
Ernő Schaller-Baross,Hungary,,Fidesz–KDNP,Patriots for Europe,,10 January 2021,
Péter Magyar,Hungary,,TISZA,EPP,,16 July 2024,
Dóra Dávid,Hungary,,TISZA,EPP,,16 July 2024,
Zoltán Tarr,Hungary,,TISZA,EPP,,16 July 2024,
András Kulja,Hungary,,TISZA,EPP,,16 July 2024,
Eszter Lakos,Hungary,,TISZA,EPP,,16 July 2024,
Gabriella Gerzsenyi,Hungary,,TISZA,EPP,,16 July 2024,
Kinga Kollár,Hungary,,TISZA,EPP,,16 July 2024,
Klára Dobrev,Hungary,,DK–MSZP–P,S&D,,2 July 2019,
Csaba Molnár,Hungary,,DK–MSZP–P,S&D,,1 July 2014,
Zsuzsanna Borvendég,Hungary,,MHM,Europe of Sovereign Nations,,16 July 2024,
Barry Andrews,Ireland,Dublin,FF,Renew Europe,,1 February 2020,
Lynn Boylan,Ireland,Dublin,SF,The Left,,16 July 2024[k],
Regina Doherty,Ireland,Dublin,FG,EPP,,16 July 2024,
Aodhán Ó Ríordáin,Ireland,Dublin,LAB,S&D,,16 July 2024,
Luke 'Ming' Flanagan,Ireland,Midlands–North-West,IND,The Left,,1 July 2014,
Barry Cowen,Ireland,Midlands–North-West,FF,Renew Europe,,16 July 2024,
Nina Carberry,Ireland,Midlands–North-West,FG,EPP,,16 July 2024,
Maria Walsh,Ireland,Midlands–North-West,FG,EPP,,2 July 2019,
Ciarán Mullooly,Ireland,Midlands–North-West,II,Renew Europe,,16 July 2024,
Seán Kelly,Ireland,South,FG,EPP,,14 July 2009,
Billy Kelleher,Ireland,South,FF,Renew Europe,,2 July 2019,
Cynthia Ní Mhurchú,Ireland,South,FF,Renew Europe,,16 July 2024,
Kathleen Funchion,Ireland,South,SF,The Left,,16 July 2024,
Michael McNamara,Ireland,South,IND,Renew Europe,,16 July 2024,
Carlo Fidanza,Italy,North-West Italy,FdI,ECR,,2 July 2019[l],
Mario Mantovani,Italy,North-West Italy,FdI,ECR,,16 July 2024[m],
Giovanni Crosetto,Italy,North-West Italy,FdI,ECR,,16 July 2024,
Lara Magoni,Italy,North-West Italy,FdI,ECR,,16 July 2024,
Pietro Fiocchi,Italy,North-West Italy,FdI,ECR,,2 July 2019,
Mariateresa Vivaldini,Italy,North-West Italy,FdI,ECR,,16 July 2024,
Paolo Inselvini,Italy,North-West Italy,FdI,ECR,,16 July 2024,
Elena Donazzan,Italy,North-East Italy,FdI,ECR,,16 July 2024,
Stefano Cavedagna,Italy,North-East Italy,FdI,ECR,,16 July 2024,
Sergio Berlato,Italy,North-East Italy,FdI,ECR,,1 February 2020[n],
Alessandro Ciriani,Italy,North-East Italy,FdI,ECR,,16 July 2024,
Daniele Polato,Italy,North-East Italy,FdI,ECR,,16 July 2024,
Nicola Procaccini,Italy,Central Italy,FdI,ECR,,2 July 2019,
Marco Squarta,Italy,Central Italy,FdI,ECR,,16 July 2024,
Carlo Ciccioli,Italy,Central Italy,FdI,ECR,,16 July 2024,
Antonella Sberna,Italy,Central Italy,FdI,ECR,,16 July 2024,
Francesco Torselli,Italy,Central Italy,FdI,ECR,,16 July 2024,
Alberico Gambino,Italy,Southern Italy,FdI,ECR,,16 July 2024,
Francesco Ventola,Italy,Southern Italy,FdI,ECR,,16 July 2024,
Denis Nesci,Italy,Southern Italy,FdI,ECR,,3 October 2022,
Michele Picaro,Italy,Southern Italy,FdI,ECR,,16 July 2024,
Chiara Maria Gemma,Italy,Southern Italy,FdI,ECR,,2 July 2019,
Giuseppe Milazzo,Italy,Italian Islands,FdI,ECR,,2 July 2019,
Ruggero Razza,Italy,Italian Islands,FdI,ECR,,16 July 2024,
Cecilia Strada,Italy,North-West Italy,PD,S&D,,16 July 2024,
Giorgio Gori,Italy,North-West Italy,PD,S&D,,16 July 2024,
Irene Tinagli,Italy,North-West Italy,PD,S&D,,2 July 2019,
Brando Benifei,Italy,North-West Italy,PD,S&D,,1 July 2014,
Pierfrancesco Maran,Italy,North-West Italy,PD,S&D,,16 July 2024,
Stefano Bonaccini,Italy,North-East Italy,PD,S&D,,16 July 2024,
Alessandro Zan,Italy,North-East Italy,PD,S&D,,16 July 2024,
Alessandra Moretti,Italy,North-East Italy,PD,S&D,,2 July 2019[o],
Elisabetta Gualmini,Italy,North-East Italy,PD,S&D,,2 July 2019,
Annalisa Corrado,Italy,North-East Italy,PD,S&D,,16 July 2024,
Nicola Zingaretti,Italy,Central Italy,PD,S&D,,16 July 2024,
Dario Nardella,Italy,Central Italy,PD,S&D,,16 July 2024,
Matteo Ricci,Italy,Central Italy,PD,S&D,,16 July 2024,
Camilla Laureti,Italy,Central Italy,PD,S&D,,11 January 2022,
Marco Tarquinio,Italy,Central Italy,PD,S&D,,16 July 2024,
Antonio Decaro,Italy,Southern Italy,PD,S&D,,16 July 2024,1 February 2026
Lucia Annunziata,Italy,Southern Italy,PD,S&D,,16 July 2024,
Raffaele Topo,Italy,Southern Italy,PD,S&D,,16 July 2024,
Pina Picierno,Italy,Southern Italy,PD,S&D,,1 July 2014,
Sandro Ruotolo,Italy,Southern Italy,PD,S&D,,16 July 2024,
Georgia Tramacere,Italy,Southern Italy,PD,S&D,,11 February 2026,
Giuseppe Lupo,Italy,Italian Islands,PD,S&D,,16 July 2024,
Gaetano Pedullà,Italy,North-West Italy,M5S,The Left,,16 July 2024,
Carolina Morace,Italy,Central Italy,M5S,The Left,,16 July 2024,
Dario Tamburrano,Italy,Central Italy,M5S,The Left,,16 July 2024[p],
Pasquale Tridico,Italy,Southern Italy,M5S,The Left,,16 July 2024,
Valentina Palmisano,Italy,Southern Italy,M5S,The Left,,16 July 2024,
Mario Furore,Italy,Southern Italy,M5S,The Left,,2 July 2019,
Danilo Della Valle,Italy,Southern Italy,M5S,The Left,,16 July 2024,
Giuseppe Antoci,Italy,Italian Islands,M5S,The Left,,16 July 2024,
Letizia Moratti,Italy,North-West Italy,FI–NM,EPP,,16 July 2024,
Massimiliano Salini,Italy,North-West Italy,FI–NM,EPP,,1 July 2014,
Flavio Tosi,Italy,North-East Italy,FI–NM,EPP,,16 July 2024[33],
Salvatore De Meo,Italy,Central Italy,FI–NM,EPP,,1 February 2020,
Fulvio Martusciello,Italy,Southern Italy,FI–NM,EPP,,1 July 2014,
Giuseppina Princi,Italy,Southern Italy,FI–NM,EPP,,16 July 2024,
Marco Falcone,Italy,Italian Islands,FI–NM,EPP,,16 July 2024,
Caterina Chinnici,Italy,Italian Islands,FI–NM,EPP,,1 July 2014,
Roberto Vannacci,Italy,North-West Italy,Lega,Patriots for Europe,,16 July 2024,
Silvia Sardone,Italy,North-West Italy,Lega,Patriots for Europe,,2 July 2019,
Isabella Tovaglieri,Italy,North-West Italy,Lega,Patriots for Europe,,2 July 2019,
Anna Maria Cisint,Italy,North-East Italy,Lega,Patriots for Europe,,16 July 2024,
Paolo Borchia,Italy,North-East Italy,Lega,Patriots for Europe,,2 July 2019,
Susanna Ceccardi,Italy,Central Italy,Lega,Patriots for Europe,,2 July 2019,
Aldo Patriciello,Italy,Southern Italy,Lega,Patriots for Europe,,8 May 2006,
Raffaele Stancanelli,Italy,Italian Islands,Lega,Patriots for Europe,,2 July 2019,
Ilaria Salis,Italy,North-West Italy,AVS,The Left,,16 July 2024,
Benedetta Scuderi,Italy,North-West Italy,AVS,Greens/EFA,,16 July 2024,
Cristina Guarda,Italy,North-East Italy,AVS,Greens/EFA,,16 July 2024,
Ignazio Marino,Italy,Central Italy,AVS,Greens/EFA,,16 July 2024,
Mimmo Lucano,Italy,Southern Italy,AVS,The Left,,16 July 2024,
Leoluca Orlando,Italy,Italian Islands,AVS,Greens/EFA,,16 July 2024[q],
Herbert Dorfmann,Italy,North-East Italy,SVP,EPP,,14 July 2009,
Sandra Kalniete,Latvia,,JV,EPP,,14 July 2009,
Inese Vaidere,Latvia,,JV,EPP,,1 November 2014[s],
Roberts Zīle,Latvia,,NA,ECR,,20 July 2004,
Rihards Kols,Latvia,,NA,ECR,,16 July 2024,
Ivars Ijabs,Latvia,,LA,Renew Europe,,2 July 2019,
Reinis Pozņaks,Latvia,,AS,ECR,,16 July 2024,
Mārtiņš Staķis,Latvia,,PRO,Greens/EFA,,16 July 2024,
Nils Ušakovs,Latvia,,Saskaņa,S&D,,2 July 2019,
Vilis Krištopans,Latvia,,LPV,Patriots for Europe,,16 July 2024,
Andrius Kubilius,Lithuania,,TS–LKD,EPP,,2 July 2019,30 November 2024
Rasa Juknevičienė,Lithuania,,TS–LKD,EPP,,2 July 2019,
Liudas Mažylis,Lithuania,,TS–LKD,EPP,,5 December 2024[t],
Paulius Saudargas,Lithuania,,TS–LKD,EPP,,16 July 2024,
Vilija Blinkevičiūtė,Lithuania,,LSDP,S&D,,14 July 2009,
Vytenis Andriukaitis,Lithuania,,LSDP,S&D,,16 July 2024,
Aurelijus Veryga,Lithuania,,LVŽS,ECR,,16 July 2024,
Dainius Žalimas,Lithuania,,LP,Renew Europe,,16 July 2024,
Virginijus Sinkevičius,Lithuania,,DSVL,Greens/EFA,,16 July 2024,
Waldemar Tomaszewski,Lithuania,,LLRA–KŠS,ECR,,14 July 2009,
Petras Gražulis,Lithuania,,TTS,Europe of Sovereign Nations,,16 July 2024,
Petras Auštrevičius,Lithuania,,LS,Renew Europe,,1 July 2014,
Christophe Hansen,Luxembourg,,CSV,EPP,,16 July 2024[u],30 November 2024
Martine Kemp,Luxembourg,,CSV,EPP,,3 December 2024[w],
Isabel Wiseler-Santos Lima,Luxembourg,,CSV,EPP,,2 July 2019,
Marc Angel,Luxembourg,,LSAP,S&D,,10 December 2019,
Charles Goerens,Luxembourg,,DP,Renew Europe,,14 July 2009,
Tilly Metz,Luxembourg,,Gréng,Greens/EFA,,19 June 2018,
Fernand Kartheiser,Luxembourg,,ADR,ECR,,16 July 2024,
Alex Agius Saliba,Malta,,PL,S&D,,2 July 2019,
Daniel Attard,Malta,,PL,S&D,,16 July 2024,
Thomas Bajada,Malta,,PL,S&D,,16 July 2024,
Roberta Metsola,Malta,,PN,EPP,,24 April 2013,
Peter Agius,Malta,,PN,EPP,,16 July 2024,
David Casa,Malta,,PN,EPP,,20 July 2004,
Bas Eickhout,Netherlands,,GL/PvdA,Greens/EFA,,14 July 2009,
Marit Maij,Netherlands,,GL/PvdA,S&D,,16 July 2024,
Kim van Sparrentak,Netherlands,,GL/PvdA,Greens/EFA,,2 July 2019,
Mohammed Chahim,Netherlands,,GL/PvdA,S&D,,2 July 2019,
Tineke Strik,Netherlands,,GL/PvdA,Greens/EFA,,2 July 2019,
Lara Wolters,Netherlands,,GL/PvdA,S&D,,4 July 2019,
Catarina Cordeiro Vieira,Netherlands,,GL/PvdA,Greens/EFA,,16 July 2024,
Thijs Reuten,Netherlands,,GL/PvdA,S&D,,15 April 2021,
Sebastiaan Stöteler,Netherlands,,PVV,Patriots for Europe,,16 July 2024,11 November 2025
Marieke Ehlers,Netherlands,,PVV,Patriots for Europe,,16 July 2024,
Auke Zijlstra,Netherlands,,PVV,Patriots for Europe,,16 July 2024[x],
Sebastian Kruis,Netherlands,,PVV,Patriots for Europe,,16 July 2024,
Rachel Blom,Netherlands,,PVV,Patriots for Europe,,16 July 2024,
Ton Diepeveen,Netherlands,,PVV,Patriots for Europe,,16 July 2024,
Mieke Andriese,Netherlands,,PVV,Patriots for Europe,,20 November 2025,
Malik Azmani,Netherlands,,VVD,Renew Europe,,2 July 2019,
Bart Groothuis,Netherlands,,VVD,Renew Europe,,1 February 2020,
Jeannette Baljeu,Netherlands,,VVD,Renew Europe,,16 July 2024,
Anouk van Brug,Netherlands,,VVD,Renew Europe,,16 July 2024,
Tom Berendsen,Netherlands,,CDA,EPP,,2 July 2019,22 February 2026
Willemien Koning,Netherlands,,CDA,EPP,,3 March 2026,
Ingeborg ter Laak,Netherlands,,CDA,EPP,,16 July 2024,
Jeroen Lenaers,Netherlands,,CDA,EPP,,1 July 2014,
Gerben-Jan Gerbrandy,Netherlands,,D66,Renew Europe,,16 July 2024[y],
Raquel García Hermida,Netherlands,,D66,Renew Europe,,16 July 2024,
Brigitte van den Berg,Netherlands,,D66,Renew Europe,,16 July 2024,
Sander Smit,Netherlands,,BBB,EPP,,16 July 2024,
Jessika van Leeuwen,Netherlands,,BBB,EPP,,16 July 2024,
Reinier van Lanschot,Netherlands,,Volt,Greens/EFA,,16 July 2024,
Anna Strolenberg,Netherlands,,Volt,Greens/EFA,,16 July 2024,
Anja Hazekamp,Netherlands,,PvdD,The Left,,1 July 2014,
Dirk Gotink,Netherlands,,NSC,EPP,,16 July 2024,
Bert-Jan Ruissen,Netherlands,,SGP,ECR,,2 July 2019,
Magdalena Adamowicz,Poland,Pomeranian,KO,EPP,,2 July 2019,
Janusz Lewandowski,Poland,Pomeranian,KO,EPP,,1 July 2014,
Krzysztof Brejza,Poland,Kuyavian–Pomeranian,KO,EPP,,3 January 2024,
Jacek Protas,Poland,Podlaskie & Warmian-Masurian,KO,EPP,,16 July 2024,
Kamila Gasiuk-Pihowicz,Poland,Warsaw,KO,EPP,,16 July 2024,
Michał Szczerba,Poland,Warsaw,KO,EPP,,16 July 2024,
Hanna Gronkiewicz-Waltz,Poland,Warsaw,KO,EPP,,10 October 2024,
Andrzej Halicki,Poland,Masovian,KO,EPP,,2 July 2019,
Dariusz Joński,Poland,Łódź,KO,EPP,,16 July 2024,
Ewa Kopacz,Poland,Greater Poland,KO,EPP,,2 July 2019,
Michał Wawrykiewicz,Poland,Greater Poland,KO,EPP,,16 July 2024,
Marta Wcisło,Poland,Lublin,KO,EPP,,16 July 2024,
Elżbieta Łukacijewska,Poland,Subcarpathian,KO,EPP,,14 July 2009,
Bartłomiej Sienkiewicz,Poland,Lesser Poland & Świętokrzyskie,KO,EPP,,16 July 2024,
Jagna Marczułajtis,Poland,Lesser Poland & Świętokrzyskie,KO,EPP,,16 July 2024,
Borys Budka,Poland,Silesian,KO,EPP,,16 July 2024,
Łukasz Kohut,Poland,Silesian,KO,EPP,,2 July 2019,
Mirosława Nykiel,Poland,Silesian,KO,EPP,,16 July 2024,
Bogdan Zdrojewski,Poland,Lower Silesian and Opole,KO,EPP,,16 July 2024[z],
Andrzej Buła,Poland,Lower Silesian and Opole,KO,EPP,,16 July 2024,
Bartosz Arłukowicz,Poland,Lubusz and West Pomeranian,KO,EPP,,16 July 2024[aa],
Piotr Müller,Poland,Pomeranian,PiS,ECR,,16 July 2024,
Kosma Złotowski,Poland,Kuyavian–Pomeranian,PiS,ECR,,1 July 2014,
Maciej Wąsik,Poland,Podlaskie & Warmian-Masurian,PiS,ECR,,16 July 2024,
Małgorzata Gosiewska,Poland,Warsaw,PiS,ECR,,16 July 2024,
Tobiasz Bocheński,Poland,Warsaw,PiS,ECR,,16 July 2024,
Adam Bielan,Poland,Masovian,PiS,ECR,,2 July 2019[ab],
Jacek Ozdoba,Poland,Masovian,PiS,ECR,,16 July 2024,
Waldemar Buda,Poland,Łódź,PiS,ECR,,16 July 2024,
Marlena Maląg,Poland,Greater Poland,PiS,ECR,,16 July 2024,
Mariusz Kamiński,Poland,Lublin,PiS,ECR,,16 July 2024,
Daniel Obajtek,Poland,Subcarpathian,PiS,ECR,,16 July 2024,
Bogdan Rzońca,Poland,Subcarpathian,PiS,ECR,,2 July 2019,
Beata Szydło,Poland,Lesser Poland & Świętokrzyskie,PiS,ECR,,2 July 2019,
Dominik Tarczyński,Poland,Lesser Poland & Świętokrzyskie,PiS,ECR,,1 February 2020,
Arkadiusz Mularczyk,Poland,Lesser Poland & Świętokrzyskie,PiS,ECR,,16 July 2024,
Patryk Jaki,Poland,Silesian,PiS,ECR,,2 July 2019,
Jadwiga Wiśniewska,Poland,Silesian,PiS,ECR,,1 July 2014,
Michał Dworczyk,Poland,Lower Silesian and Opole,PiS,ECR,,16 July 2024,
Anna Zalewska,Poland,Lower Silesian and Opole,PiS,ECR,,2 July 2019,
Joachim Brudziński,Poland,Lubusz and West Pomeranian,PiS,ECR,,2 July 2019,
Ewa Zajączkowska-Hernik,Poland,Warsaw,KWiN,Europe of Sovereign Nations,,16 July 2024,
Anna Bryłka,Poland,Greater Poland,KWiN,Non-Inscrits,,16 July 2024,
Tomasz Buczek,Poland,Subcarpathian,KWiN,Non-Inscrits,,16 July 2024,
Grzegorz Braun,Poland,Lesser Poland & Świętokrzyskie,KWiN,Non-Inscrits,,16 July 2024,
Marcin Sypniewski,Poland,Silesian,KWiN,Europe of Sovereign Nations,,16 July 2024,
Stanisław Tyszka,Poland,Lower Silesian and Opole,KWiN,Europe of Sovereign Nations,,16 July 2024,
Michał Kobosko,Poland,Warsaw,TD,Renew Europe,,16 July 2024,
Krzysztof Hetman,Poland,Greater Poland,TD,EPP,,16 July 2024[ac],
Adam Jarubas,Poland,Lesser Poland & Świętokrzyskie,TD,EPP,,2 July 2019,
Robert Biedroń,Poland,Warsaw,Lewica,S&D,,2 July 2019,
Joanna Scheuring-Wielgus,Poland,Greater Poland,Lewica,S&D,,16 July 2024,
Krzysztof Śmiszek,Poland,Lower Silesian and Opole,Lewica,S&D,,16 July 2024,
Marta Temido,Portugal,,PS,S&D,,16 July 2024,
Francisco Assis,Portugal,,PS,S&D,,16 July 2024[ad],
Ana Catarina Mendes,Portugal,,PS,S&D,,16 July 2024,
Bruno Gonçalves,Portugal,,PS,S&D,,16 July 2024,
André Rodrigues,Portugal,,PS,S&D,,16 July 2024,
Carla Tavares,Portugal,,PS,S&D,,16 July 2024,
Isilda Gomes,Portugal,,PS,S&D,,16 July 2024,
Sérgio Gonçalves,Portugal,,PS,S&D,,16 July 2024,
Sebastião Bugalho,Portugal,,AD,EPP,,16 July 2024,
Paulo Cunha,Portugal,,AD,EPP,,16 July 2024,
Ana Miguel Pedro,Portugal,,AD,EPP,,16 July 2024,
Hélder Sousa Silva,Portugal,,AD,EPP,,16 July 2024,
Lídia Pereira,Portugal,,AD,EPP,,2 July 2019,
Sérgio Humberto,Portugal,,AD,EPP,,16 July 2024,
Paulo do Nascimento Cabral,Portugal,,AD,EPP,,16 July 2024,
António Tânger Corrêa,Portugal,,CH,Patriots for Europe,,16 July 2024,
Tiago Moreira de Sá,Portugal,,CH,Patriots for Europe,,16 July 2024,
João Cotrim de Figueiredo,Portugal,,IL,Renew Europe,,16 July 2024,
Ana Vasconcelos Martins,Portugal,,IL,Renew Europe,,16 July 2024,
Catarina Martins,Portugal,,BE,The Left,,16 July 2024,
João Oliveira,Portugal,,CDU,The Left,,16 July 2024,
Mihai Tudose,Romania,,PSD–PNL,S&D,,2 July 2019,
Rareș Bogdan,Romania,,PSD–PNL,EPP,,2 July 2019,
Gabriela Firea,Romania,,PSD–PNL,S&D,,16 July 2024,
Dan Motreanu,Romania,,PSD–PNL,EPP,,2 July 2019,
Claudiu Manda,Romania,,PSD–PNL,S&D,,2 July 2019,
Adina-Ioana Vălean,Romania,,PSD–PNL,EPP,,16 July 2024[ae],
Victor Negrescu,Romania,,PSD–PNL,S&D,,1 February 2020,
Vasile Dîncu,Romania,,PSD–PNL,S&D,,16 July 2024[af],
Daniel Buda,Romania,,PSD–PNL,EPP,,1 July 2014,
Maria Grapini,Romania,,PSD–PNL,S&D,,1 July 2014,
Gheorghe Cârciu,Romania,,PSD–PNL,S&D,,16 July 2024,
Siegfried Mureșan,Romania,,PSD–PNL,EPP,,1 July 2014,
Dragoș Benea,Romania,,PSD–PNL,S&D,,2 July 2019,
Mircea Hava,Romania,,PSD–PNL,EPP,,1 July 2014,
Dan Nica,Romania,,PSD–PNL,S&D,,1 July 2014,
Gheorghe Falcă,Romania,,PSD–PNL,EPP,,2 July 2019,
Ștefan Mușoiu,Romania,,PSD–PNL,S&D,,16 July 2024,
Roxana Mînzatu,Romania,,PSD–PNL,S&D,,16 July 2024,30 November 2024
Andi Cristea,Romania,,PSD–PNL,S&D,,2 December 2024[ag],
Virgil-Daniel Popescu,Romania,,PSD–PNL,EPP,,16 July 2024,
Cristian Terheș,Romania,,AUR+,ECR,,2 July 2019,
Claudiu Târziu,Romania,,AUR+,ECR,,16 July 2024,
Gheorghe Piperea,Romania,,AUR+,ECR,,16 July 2024,
Georgiana Teodorescu,Romania,,AUR+,ECR,,16 July 2024,
Adrian-George Axinia,Romania,,AUR+,ECR,,16 July 2024,
Șerban-Dimitrie Sturdza,Romania,,AUR+,ECR,,16 July 2024,
Dan Barna,Romania,,ADU,Renew Europe,,16 July 2024,
Vlad Voiculescu,Romania,,ADU,Renew Europe,,16 July 2024,
Eugen Tomac,Romania,,ADU,Renew Europe,,2 July 2019,
Iuliu Winkler,Romania,,UDMR,EPP,,10 December 2007,
Lóránt Vincze,Romania,,UDMR,EPP,,2 July 2019,
Diana Șoșoacă,Romania,,SOS RO,Non-Inscrits,,16 July 2024,
Luis Lazarus,Romania,,SOS RO,Non-Inscrits,,16 July 2024,
Nicolae Ștefănuță,Romania,,IND,Greens/EFA,,2 July 2019,
Ľudovít Ódor,Slovakia,,PS,Renew Europe,,16 July 2024,
Ľubica Karvašová,Slovakia,,PS,Renew Europe,,16 July 2024,
Martin Hojsík,Slovakia,,PS,Renew Europe,,2 July 2019,
Veronika Cifrová Ostrihoňová,Slovakia,,PS,Renew Europe,,16 July 2024,
Michal Wiezik,Slovakia,,PS,Renew Europe,,2 July 2019,
Lucia Yar,Slovakia,,PS,Renew Europe,,16 July 2024,
Monika Beňová,Slovakia,,Smer,Non-Inscrits,,20 July 2004,
Ľuboš Blaha,Slovakia,,Smer,Non-Inscrits,,16 July 2024,
Erik Kaliňák,Slovakia,,Smer,Non-Inscrits,,16 July 2024,
Judita Laššáková,Slovakia,,Smer,Non-Inscrits,,16 July 2024,
Katarína Roth Neveďalová,Slovakia,,Smer,Non-Inscrits,,30 December 2022,
Milan Uhrík,Slovakia,,REP,Europe of Sovereign Nations,,2 July 2019,
Milan Mazurek,Slovakia,,REP,Non-Inscrits,,16 July 2024,
Branislav Ondruš,Slovakia,,Hlas,Non-Inscrits,,16 July 2024,
Miriam Lexmann,Slovakia,,KDH,EPP,,1 February 2020,
Romana Tomc,Slovenia,,SDS,EPP,,1 July 2014,
Zala Tomašič,Slovenia,,SDS,EPP,,16 July 2024,
Milan Zver,Slovenia,,SDS,EPP,,14 July 2009,
Branko Grims,Slovenia,,SDS,EPP,,16 July 2024,
Irena Joveva,Slovenia,,GS,Renew Europe,,2 July 2019,
Marjan Šarec,Slovenia,,GS,Renew Europe,,16 July 2024,
Vladimir Prebilič,Slovenia,,Vesna,Greens/EFA,,16 July 2024,
Matjaž Nemec,Slovenia,,SD,S&D,,18 May 2022,
Matej Tonin,Slovenia,,NSi,EPP,,16 July 2024,
Dolors Montserrat,Spain,,PP,EPP,,2 July 2019,
Carmen Crespo,Spain,,PP,EPP,,16 July 2024,
Alma Ezcurra,Spain,,PP,EPP,,16 July 2024,
Esteban González Pons,Spain,,PP,EPP,,16 July 2024[ah],
Fernando Navarrete,Spain,,PP,EPP,,16 July 2024,
Javier Zarzalejos,Spain,,PP,EPP,,2 July 2019,
Rosa Estaràs,Spain,,PP,EPP,,14 July 2009,
Francisco Millán Mon,Spain,,PP,EPP,,20 July 2004,
Pilar del Castillo,Spain,,PP,EPP,,20 July 2004,
Adrián Vázquez Lázara,Spain,,PP,EPP,,1 February 2020,
Gabriel Mato,Spain,,PP,EPP,,14 July 2009,
Raúl de la Hoz Quintano,Spain,,PP,EPP,,16 July 2024,
Esther Herranz García,Spain,,PP,EPP,,16 July 2024[ai],
Juan Ignacio Zoido,Spain,,PP,EPP,,2 July 2019,
Susana Solís Pérez,Spain,,PP,EPP,,2 July 2019,
Pablo Arias Echeverría,Spain,,PP,EPP,,2 July 2019[aj],
Antonio López-Istúriz,Spain,,PP,EPP,,20 July 2004,
Isabel Benjumea,Spain,,PP,EPP,,2 July 2019,
Borja Giménez Larraz,Spain,,PP,EPP,,16 July 2024,
Elena Nevado,Spain,,PP,EPP,,16 July 2024,
Nicolás Pascual de la Parte,Spain,,PP,EPP,,16 July 2024,
Maravillas Abadía Jover,Spain,,PP,EPP,,16 July 2024,
Iratxe García,Spain,,PSOE,S&D,,20 July 2004,
Javi López Fernández,Spain,,PSOE,S&D,,1 July 2014,
Hana Jalloul,Spain,,PSOE,S&D,,16 July 2024,
Javier Moreno,Spain,,PSOE,S&D,,2 July 2019,
Lina Gálvez,Spain,,PSOE,S&D,,2 July 2019,
Jonás Fernández,Spain,,PSOE,S&D,,1 July 2014,
Leire Pajín,Spain,,PSOE,S&D,,16 July 2024,
César Luena,Spain,,PSOE,S&D,,2 July 2019,
Idoia Mendia,Spain,,PSOE,S&D,,16 July 2024,
Nicolás González Casares,Spain,,PSOE,S&D,,2 July 2019,
Cristina Maestre,Spain,,PSOE,S&D,,2 July 2019,
Juan Fernando López,Spain,,PSOE,S&D,,14 July 2009,
Sandra Gómez,Spain,,PSOE,S&D,,16 July 2024,
Nacho Sánchez Amor,Spain,,PSOE,S&D,,2 July 2019,
Laura Ballarin,Spain,,PSOE,S&D,,6 September 2023,
Marcos Ros,Spain,,PSOE,S&D,,2 July 2019,
Rosa María Serrano Sierra,Spain,,PSOE,S&D,,16 July 2024,
Elena Sancho,Spain,,PSOE,S&D,,16 July 2024,
José Cepeda,Spain,,PSOE,S&D,,16 July 2024,
Alicia Homs Ginel,Spain,,PSOE,S&D,,2 July 2019,
Jorge Buxadé,Spain,,Vox,Patriots for Europe,,2 July 2019,
Hermann Tertsch,Spain,,Vox,Patriots for Europe,,2 July 2019,
Juan Carlos Girauta,Spain,,Vox,Patriots for Europe,,16 July 2024[ak],
Mireia Borrás,Spain,,Vox,Patriots for Europe,,16 July 2024,
Margarita de la Pisa Carrión,Spain,,Vox,Patriots for Europe,,1 February 2020,
Jorge Martín Frías,Spain,,Vox,Patriots for Europe,,16 July 2024,
Diana Riba,Spain,,AR,Greens/EFA,,2 July 2019,
Pernando Barrena,Spain,,AR,The Left,,16 July 2024[al],
Ana Miranda Paz,Spain,,AR,Greens/EFA,,5 September 2022[am],
Estrella Galán,Spain,,Sumar,The Left,,16 July 2024,
Jaume Asens,Spain,,Sumar,Greens/EFA,,16 July 2024,
Vicent Marzà,Spain,,Sumar,Greens/EFA,,16 July 2024,
Alvise Pérez,Spain,,SALF,Non-Inscrits,,16 July 2024,
Diego Solier,Spain,,SALF,Non-Inscrits,,16 July 2024,
Nora Junco,Spain,,SALF,Non-Inscrits,,16 July 2024,
Irene Montero,Spain,,Podemos,The Left,,16 July 2024,
Isabel Serra,Spain,,Podemos,The Left,,16 July 2024,
Toni Comín,Spain,,Junts+,Non-Inscrits,,2 July 2019,
Oihane Agirregoitia,Spain,,CEUS,Renew Europe,,16 July 2024,
Heléne Fritzon,Sweden,,SAP,S&D,,2 July 2019,
Johan Danielsson,Sweden,,SAP,S&D,,16 July 2024[an],
Evin Incir,Sweden,,SAP,S&D,,2 July 2019,
Adnan Dibrani,Sweden,,SAP,S&D,,16 July 2024,
Sofie Eriksson,Sweden,,SAP,S&D,,16 July 2024,
Tomas Tobé,Sweden,,M,EPP,,2 July 2019,
Jessica Polfjärd,Sweden,,M,EPP,,2 July 2019,
Jörgen Warborn,Sweden,,M,EPP,,2 July 2019,
Arba Kokalari,Sweden,,M,EPP,,2 July 2019,
Alice Bah Kuhnke,Sweden,,MP,Greens/EFA,,2 July 2019,
Pär Holmgren,Sweden,,MP,Greens/EFA,,2 July 2019,
Isabella Lövin,Sweden,,MP,Greens/EFA,,16 July 2024[ao],
Charlie Weimers,Sweden,,SD,ECR,,2 July 2019,
Beatrice Timgren,Sweden,,SD,ECR,,16 July 2024,
Dick Erixon,Sweden,,SD,ECR,,16 July 2024,
Jonas Sjöstedt,Sweden,,V,The Left,,16 July 2024[ap],
Hanna Gedin,Sweden,,V,The Left,,16 July 2024,
Emma Wiesner,Sweden,,C,Renew Europe,,4 February 2021,
Abir Al-Sahlani,Sweden,,C,Renew Europe,,2 July 2019,
Alice Teodorescu Måwe,Sweden,,KD,EPP,,16 July 2024,
Karin Karlsbro,Sweden,,L,Renew Europe,,2 July 2019,
